path	bytes_original	sha256_original	sha256_here	change
Jonas_et_al_PNAS_2016_Part_1/P03/P03_face_nonperiodic_2sequences.lw5	23882	5b7ab12e29bcefda388bb1c3f85653303f85221c16be51e64e6a0306881f6399	e8a8149d1be8b39b298710977b23dd641ef7947c05aca6d3455c1025fe2d04d5	Letswave header rewritten (scipy savemat): 6 fields changed (event-code patient prefix removed, history dates day -> 01)
Jonas_et_al_PNAS_2016_Part_1/P03/P03_face_nonperiodic_2sequences.mat	23357797	e161386698c66b5d823eecbaac2e4436e89bddf09822c8c42c34c3f05242283f	6e55972a3173761d7b805fcd2ebcd774bee43fd44b1a0bd7008222e16a0a1f41	MAT text header date -> Mmm 01 yyyy
Jonas_et_al_PNAS_2016_Part_1/P03/P03_face_periodic_4sequences.lw5	22997	d6432210ad8c0584b93489d63446b2a4ee1cfd83fd7cca54741de418fcabb688	d4c9e883bd2f3bab657cd96c962e2214d30f2342304a2992a0582271b8b3fb69	Letswave header rewritten (scipy savemat): 6 fields changed (event-code patient prefix removed, history dates day -> 01)
Jonas_et_al_PNAS_2016_Part_1/P03/P03_face_periodic_4sequences.mat	46734522	3b658928229cdbcf3b1f26e545e571f1b1303d5fcade6e3ba23bc79839719061	2fbe6f3b4ee5ceaa64995e299af4fe30426a9548678fc39400c9fb497ddce55b	MAT text header date -> Mmm 01 yyyy
Jonas_et_al_PNAS_2016_Part_1/P04/P04_face_nonperiodic_2sequences.lw5	9961	7edc1f4e732b00edf2d0af8a01a5667d9d8eb162182c2e3226623f938d2ccdfb	8dac596388ec11f553418f9ec6b7839806458877e794ee4b1c7cdc30014e34ee	Letswave header rewritten (scipy savemat): 3 fields changed (event-code patient prefix removed, history dates day -> 01)
Jonas_et_al_PNAS_2016_Part_1/P04/P04_face_nonperiodic_2sequences.mat	23326473	c149e65fc2ceb4045d9cfc462894f1291eebff7b3a8cbf9d7cb58b902be13d9a	1a0ab299537ee6c2841196df7c05a7fb849bed77aff3e9f10abffb59f0631500	MAT text header date -> Mmm 01 yyyy
Jonas_et_al_PNAS_2016_Part_1/P04/P04_face_periodic_2sequences.lw5	9278	6aea86816b8ac4afcfea420b71021b42edcac669c56124f75b2bc7311ce4026e	057a5c20da888792e9c914ed9c97aa43cef7aab0d2775b20b45bb63e8f7ee850	Letswave header rewritten (scipy savemat): 3 fields changed (event-code patient prefix removed, history dates day -> 01)
Jonas_et_al_PNAS_2016_Part_1/P04/P04_face_periodic_2sequences.mat	23334094	18f25bb3adefe5f5bf3dd0debe5c51432373dede2f464d17517dffb41d55aae6	7fbea710ee99fe5acfdc6fe8791325a6667633a63558f1a5018f0e8500da2679	MAT text header date -> Mmm 01 yyyy
Jonas_et_al_PNAS_2016_Part_1/P05/P05_face_nonperiodic_2sequences.lw5	7101	bf03960f7f2548e11ca1513c15f4d2fb3a17f85dfa7f28f9897c721320e8e3e6	2c4ab4623cbec45533a53f55ae9319220aef747622256b880b8e511ab893da07	Letswave header rewritten (scipy savemat): 3 fields changed (event-code patient prefix removed, history dates day -> 01)
Jonas_et_al_PNAS_2016_Part_1/P05/P05_face_nonperiodic_2sequences.mat	30792612	1e75d8d32f89a3eafb3c5ec54add7a5884a92fd7c056d4d7b2d2e14cf2f92e16	5e05dd6d5377185f17a208b679e20a33e88795ffb4bc01436a98021f0ecb02c0	MAT text header date -> Mmm 01 yyyy
Jonas_et_al_PNAS_2016_Part_1/P05/P05_face_periodic_4sequences.lw5	12743	248f805ab726ac53724ed5918b708537718090f7d859581dab976d0ddc31ee42	7b5260ecc8b837bdba5fcb92ca94235f545d6ffeb27f1267ba959c5dcfd75eef	Letswave header rewritten (scipy savemat): 5 fields changed (event-code patient prefix removed, history dates day -> 01)
Jonas_et_al_PNAS_2016_Part_1/P05/P05_face_periodic_4sequences.mat	61645977	675205231123335cb9f9b13f452fc608791758242b121a97cb9540b2fef946c7	291791acf18311458f90a681f267c01be0e6d7baecefbf1d76b0a17bb367720e	MAT text header date -> Mmm 01 yyyy
Jonas_et_al_PNAS_2016_Part_1/P06/P06_face_nonperiodic_2sequences.lw5	12543	d79eb8d8a369632dfd986064ae44a30b917bd31ff478c1160e8a8e1f41bf6671	b8016293f32231709d431e77c9a9871ce84ba0e4d64478e08f3fe581c1966add	Letswave header rewritten (scipy savemat): 3 fields changed (event-code patient prefix removed, history dates day -> 01)
Jonas_et_al_PNAS_2016_Part_1/P06/P06_face_nonperiodic_2sequences.mat	30845681	ebfb3a4d062a7a16e9e2c182fc0d1a7cbf715a7f1237b248f3e5afc80206c0fd	09f784b961bd39daf7836b1a5d34e3ba7bea0be8e91caa5ffca6fed75d41fc7a	MAT text header date -> Mmm 01 yyyy
Jonas_et_al_PNAS_2016_Part_1/P06/P06_face_periodic_4sequences.lw5	23829	a6f4d19a7174d5d8d260b255f134c6c387db48797762be630f4e4c5f31269816	a933533132f70f629a4b62f964ae6d57460e8a18fdbe2b85bc21361baab0c119	Letswave header rewritten (scipy savemat): 5 fields changed (event-code patient prefix removed, history dates day -> 01)
Jonas_et_al_PNAS_2016_Part_1/P06/P06_face_periodic_4sequences.mat	61666105	e708ce45371aeabd18dae4349ec0ccb239fcb972ffa6edfc2b429b2afeea4e9e	a10cb4ccb8a3df7cce483750f9d79f9692c36505275b4ce913c7066953c182d8	MAT text header date -> Mmm 01 yyyy
Jonas_et_al_PNAS_2016_Part_1/P08/P08_face_nonperiodic_2sequences.lw5	7000	4a586a38d4674debb0c16edf0d045adf9f9ff760f6d9107f7ae61150db341bcd	e0633fc652e7a95b689cf9f643c06bfa41478ce1f712a04f9bec63f660943cd6	Letswave header rewritten (scipy savemat): 3 fields changed (event-code patient prefix removed, history dates day -> 01)
Jonas_et_al_PNAS_2016_Part_1/P08/P08_face_nonperiodic_2sequences.mat	30797234	ad19e5459945c4d55a110feea33d02bcb60c902f0dea119aa99e6ce3b49cce2b	6e2b6f3bd0c38248f911271f0bf2cc92614c679a2b1372f4c3edf291a2f0bc09	MAT text header date -> Mmm 01 yyyy
Jonas_et_al_PNAS_2016_Part_1/P08/P08_face_periodic_4sequences.lw5	12643	11c296b8adbfba1c733f910fa12eb12f4da6ad0f1f9a776c8e3e921991fdd5d0	0fc517595c0a92070174fec814186753f02cdde6cca6a0245611058e6f82d8fa	Letswave header rewritten (scipy savemat): 5 fields changed (event-code patient prefix removed, history dates day -> 01)
Jonas_et_al_PNAS_2016_Part_1/P08/P08_face_periodic_4sequences.mat	61635836	656d0a22d27a2c0e907e02430c59534c40a11ca22b818fa18b268e46c3ea94c9	494772e3410e4bb82d8e9d7c4502dda14f76e02dded05ea53952a24f86e67e54	MAT text header date -> Mmm 01 yyyy
Jonas_et_al_PNAS_2016_Part_1/P09/P09_face_nonperiodic_2sequences.lw5	9622	e8482b78f70bed779ccd971dc857bbeb5a90d21e85902fbdf64bda20bb781283	9f364e7ccd2e8e036b21c14412f693ecec82fef5b7817d29093a020475cdaa5b	Letswave header rewritten (scipy savemat): 3 fields changed (event-code patient prefix removed, history dates day -> 01)
Jonas_et_al_PNAS_2016_Part_1/P09/P09_face_nonperiodic_2sequences.mat	30760673	034205206c00f75618acacabca2e0b443391f77fd1e23f599eec711a393965db	8170c04ccc218d712a8d87c74e1ed7cb555ef69258959d25a02ed5c5561d5aa7	MAT text header date -> Mmm 01 yyyy
Jonas_et_al_PNAS_2016_Part_1/P09/P09_face_periodic_4sequences.lw5	18318	baab6ed437e550168c714e5c2baecec0060241831b75930386cb023b900a6181	a9b69716ad287d7d7d0690c116112e1eee4295cb13095e91f251481fc6dab5c3	Letswave header rewritten (scipy savemat): 5 fields changed (event-code patient prefix removed, history dates day -> 01)
Jonas_et_al_PNAS_2016_Part_1/P09/P09_face_periodic_4sequences.mat	61556777	33c2d7449e60c13965000d848418e3e99b9634a7db05ede14d4051321c5d4c2a	676f8a5906efac2c155da2c2f1d6cfdcf10d1c9d593e68338fd9df4506e3cd9e	MAT text header date -> Mmm 01 yyyy
Jonas_et_al_PNAS_2016_Part_1/P10/P10_face_nonperiodic_2sequences.lw5	9642	7524b2c276ed6f83b71bbdabd11c22f625bce244706f5d6e1198d0550c42c1a1	5b1b485c2a903fa895087a295a88516cfe1adfcd3106ea9d9c48bca8756b832b	Letswave header rewritten (scipy savemat): 3 fields changed (event-code patient prefix removed, history dates day -> 01)
Jonas_et_al_PNAS_2016_Part_1/P10/P10_face_nonperiodic_2sequences.mat	30753992	dddbd1b25df6cf32feae6334f49cee4cef7f92153b83522c6924b41497991377	e8defd6360f739a5d48fecbf8064da54d29e9f503fea8dfe15ddaa36a5824455	MAT text header date -> Mmm 01 yyyy
Jonas_et_al_PNAS_2016_Part_1/P10/P10_face_periodic_4sequences.lw5	18540	6626a15640b62cfd93a8a772962fe4d41dca9558bd7cffac535e9a137b7928fb	e76ab4e19b5ae1ae2d6ce5cbdaf57bf2a3cc0a778137edb931b5d12384981a51	Letswave header rewritten (scipy savemat): 5 fields changed (event-code patient prefix removed, history dates day -> 01)
Jonas_et_al_PNAS_2016_Part_1/P10/P10_face_periodic_4sequences.mat	61510477	2900d7fd0698112f8a07dcd049cba1a20918115833e0439f40aaf4f0285a7cd4	579724236c10f96aeea8b20de946fa6f0e3502b2acee826da9f49614a24c15ab	MAT text header date -> Mmm 01 yyyy
Jonas_et_al_PNAS_2016_Part_1/P11/P11_face_nonperiodic_1sequences.lw5	4221	6cbb5ab40f0afc078acefb86bcf9b987ce4b40d8efbb0dab901dbd953df8ef0b	93589598a15fa3fbbaffaaf1197ad67be05d7d45a0f64b519962ba66d0d2d9a4	Letswave header rewritten (scipy savemat): 2 fields changed (event-code patient prefix removed, history dates day -> 01)
Jonas_et_al_PNAS_2016_Part_1/P11/P11_face_nonperiodic_1sequences.mat	15320262	9619af4da24591b2acf0eb2e6c94ce2960ca425fddab7326924033a21b0eb4db	8b204822e330dde076b23476f6f4cde2d5c5dd5cc3447c3fb49c78d3955875b8	MAT text header date -> Mmm 01 yyyy
Jonas_et_al_PNAS_2016_Part_1/P11/P11_face_periodic_2sequences.lw5	7110	64b410181fe559b91b5f09d43087f868ac3a559de2175951b14e0bf508dd00dc	09f0247f18e3c362c7dc1af0dabdc6d700b093e7db61831a572086de8e83d97d	Letswave header rewritten (scipy savemat): 3 fields changed (event-code patient prefix removed, history dates day -> 01)
Jonas_et_al_PNAS_2016_Part_1/P11/P11_face_periodic_2sequences.mat	30628987	8141ad2f5164bc5dffc8abba861f0e32f79f3b68559d4aea99bf20e7d2852deb	e9915a5ce5f56184ac42a7648c92011db0367a34cffc2b8048d1086765b2e123	MAT text header date -> Mmm 01 yyyy
Jonas_et_al_PNAS_2016_Part_1/P14/P14_face_nonperiodic_2sequences.lw5	1827	a208e6181c572b9b012801308f1d285a373556f5746d5c565c599a2786e01b72	2de4297f80dedd30bf01501b59cc3165e2d462d544fffb53b5c9d8b08b9b9465	Letswave header rewritten (scipy savemat): 5 fields changed (event-code patient prefix removed, history dates day -> 01)
Jonas_et_al_PNAS_2016_Part_1/P14/P14_face_nonperiodic_2sequences.mat	60637285	9b2e2c4843245029f87494af9cf5d9df43ff153ef84307182785048e489007dc	5b18af6480a55a2f5707f2136108e62e58c9438c8f7ee3086f39b9e7ce6770fc	MAT text header date -> Mmm 01 yyyy
Jonas_et_al_PNAS_2016_Part_1/P14/P14_face_periodic_2sequences.lw5	1943	898edadd9cdc483b1d00a4dc3605164d6b50b7d72a28a5a219cbae0e143e4d34	387815a21b13b0b659ad94ee9187132db1fde47ba9cab190956297b9e8bcaf76	Letswave header rewritten (scipy savemat): 5 fields changed (event-code patient prefix removed, history dates day -> 01)
Jonas_et_al_PNAS_2016_Part_1/P14/P14_face_periodic_2sequences.mat	60522869	fda586cbeb82fc5b5900f8a0240617af971bdb3324a4f8ee45731d00bb808c78	cc9e33af86b1ebf2dd4c22530841a10d70a24b1e01216cd16a58677d1670f4ae	MAT text header date -> Mmm 01 yyyy
Jonas_et_al_PNAS_2016_Part_1/P16/P16_face_nonperiodic_2sequences.lw5	12743	71dc115bf1b48f436ffa5fdc26d6b4a8b2078808c02bb791774fe3d788eb43fb	a759cc915e3cb745e10195a4687ae2cccbb888ddafc4fee66212065ccf0b266a	Letswave header rewritten (scipy savemat): 4 fields changed (event-code patient prefix removed, history dates day -> 01)
Jonas_et_al_PNAS_2016_Part_1/P16/P16_face_nonperiodic_2sequences.mat	60246393	1e91bbcc1cd5e11922895c6d7041dd8de191679bb4658a089be17be9a8b072cb	9f03dbf13344822e1ea1244e5b78c229c9fb3d88ced2a4d88c6eaaac23ae9592	MAT text header date -> Mmm 01 yyyy
Jonas_et_al_PNAS_2016_Part_1/P16/P16_face_periodic_4sequences.lw5	23419	2773071086f060985be0edc55454ffd8b433a3edbb5b24ae3facb59b79c7ef6f	23a3bf949cbb37d210f51afc4531204f78b9e151b798134e9cf9ca50cbf999e7	Letswave header rewritten (scipy savemat): 6 fields changed (event-code patient prefix removed, history dates day -> 01)
Jonas_et_al_PNAS_2016_Part_1/P16/P16_face_periodic_4sequences.mat	120790091	4a1db982db4822f7bade0fb98c56ed61dc18cd6f09dc21481cf3a862c893df3d	1f62a70b8144b4d994dad2fd4e07099c37686a87d0ac790cfb07ebf97137c70d	MAT text header date -> Mmm 01 yyyy
Jonas_et_al_PNAS_2016_Part_1/READ_ME.txt	2659	8bd4ddb05ffec8494d7c350dd74e69678bd413ee49829c82dadf67e341017c42	8bd4ddb05ffec8494d7c350dd74e69678bd413ee49829c82dadf67e341017c42	unchanged
Jonas_et_al_PNAS_2016_Part_2/P18/P18_face_nonperiodic_1sequences.lw5	7236	fd197ba9ac1b6b856a3e8520996c70dcf6ca97ee875cb2c53a857b4fff77c5d2	b946f4c40929a8eec5564e50a4d034620f8e33567e56e7df36621482f5a5451b	Letswave header rewritten (scipy savemat): 3 fields changed (event-code patient prefix removed, history dates day -> 01)
Jonas_et_al_PNAS_2016_Part_2/P18/P18_face_nonperiodic_1sequences.mat	29979313	5bbf3a4eec37eabd37f828584e7d69fbb01e785929c3cdc1017051c64423c526	777039479999c739e43c96a1f885bdde6905c649d50326d02961e54ff6d46b55	MAT text header date -> Mmm 01 yyyy
Jonas_et_al_PNAS_2016_Part_2/P18/P18_face_periodic_2sequences.lw5	12667	1213f66ec83338b1f041f28f8e790634a203b96e94d4077a609f885978f3670e	0de3d6fcc629cffa29415c17f8576f9aa1b38b01ac97f3a77be3973533ee3d11	Letswave header rewritten (scipy savemat): 4 fields changed (event-code patient prefix removed, history dates day -> 01)
Jonas_et_al_PNAS_2016_Part_2/P18/P18_face_periodic_2sequences.mat	60213628	f18e670367aef80ace7518099875ee8de51f023fb9de35741df0c9a7c027d0fd	a543dc516590c9254b7eef1e84ac55570c66662ee16b784fdb18a884b2ce1b4f	MAT text header date -> Mmm 01 yyyy
Jonas_et_al_PNAS_2016_Part_2/P19/P19_face_nonperiodic_1sequences.lw5	7200	68f9b2d2640a38aed27c92d724a9ba3ce47011409b6fdb5dedc33348322bfd7a	168e27a33397b040aacfab83e0816089e52a5a1eac4104826fb3109017b0491c	Letswave header rewritten (scipy savemat): 3 fields changed (event-code patient prefix removed, history dates day -> 01)
Jonas_et_al_PNAS_2016_Part_2/P19/P19_face_nonperiodic_1sequences.mat	29909260	3b5d5c60ebe7c6e38346cf76a898eb9d03209cfdc219f8182a67348d0b2aa0fc	15f799b1b7740401615625a5876e73c61cf7f3f0bf08813f861fedd3e13e125c	MAT text header date -> Mmm 01 yyyy
Jonas_et_al_PNAS_2016_Part_2/P19/P19_face_periodic_2sequences.lw5	12625	a4fcda809632d7d80b2f83923802bd67e1e886021096a2a1908f765e78784c37	20f691deff357e9ce6b784806223efb3f8c2ec20f617050f250798029d6364fd	Letswave header rewritten (scipy savemat): 4 fields changed (event-code patient prefix removed, history dates day -> 01)
Jonas_et_al_PNAS_2016_Part_2/P19/P19_face_periodic_2sequences.mat	60029877	53ac7e704441c5a58ce3558cbb31a1336d960a8a618c58953f8002caa54b26c9	1cfac2ce47c28db95f90c0719e50254509e2b43dfaae4ce1e809c49994d504a8	MAT text header date -> Mmm 01 yyyy
Jonas_et_al_PNAS_2016_Part_2/P21/P21_face_nonperiodic_1sequences.lw5	7158	f3f2153ff3be5f0a26ff38ef7ba585dab552fff52e9f9d517260d109b39e3910	b5feeacb816fe131daa4ad118e36bbdd3229e451d96d15614fd23d74e7f18c67	Letswave header rewritten (scipy savemat): 3 fields changed (event-code patient prefix removed, history dates day -> 01)
Jonas_et_al_PNAS_2016_Part_2/P21/P21_face_nonperiodic_1sequences.mat	30352522	42d022c6a27b02d33fdfd3431a5cf53e20a7af9ffa2b474f17eba0b3809cacc7	eee6f087e9103d055417c5629de3af20e4943f70ffb659acca14ff9050a14dc5	MAT text header date -> Mmm 01 yyyy
Jonas_et_al_PNAS_2016_Part_2/P21/P21_face_periodic_2sequences.lw5	12699	87650480f2f94ac1dd1abbdce7799a7ba4492842346fdabfc1ccb6a322d43bf3	141aa89960bf6164675d12f37037eda5d3b14f2b9854ea9d70723b3d09cfa598	Letswave header rewritten (scipy savemat): 5 fields changed (event-code patient prefix removed, history dates day -> 01)
Jonas_et_al_PNAS_2016_Part_2/P21/P21_face_periodic_2sequences.mat	60816228	c8c448cf50da7fab8a797aee08fff1c9030962fc059534987ad2dad994817250	886393b87b9784cac90706a84cb607f9fa6d6e188d6498d6de3a59efe485523f	MAT text header date -> Mmm 01 yyyy
Jonas_et_al_PNAS_2016_Part_2/P22/P22_face_nonperiodic_1sequences.lw5	7138	f473b99b8f4d40b3159328b612516b65d04c888dc4808478d5e2b90f008f7384	18d634131a3aa5090c313e180a52f39bac6915aca972d7c4274a912208bef653	Letswave header rewritten (scipy savemat): 3 fields changed (event-code patient prefix removed, history dates day -> 01)
Jonas_et_al_PNAS_2016_Part_2/P22/P22_face_nonperiodic_1sequences.mat	30094932	de1c631fb40d2a17b91b4f08d98ed0b1700fa0f8bf01d586916becd88ba9501c	d72002fb0921dc296b876fa763b3ae5ad3d73cb194df1b870eb90cdc1a5cd9c4	MAT text header date -> Mmm 01 yyyy
Jonas_et_al_PNAS_2016_Part_2/P22/P22_face_periodic_2sequences.lw5	12682	e5d9dd420570cd53c5f5a1b03863f334017ef2f80852174f8de6a82d60782e9b	2cef52a4440416734bf9ebedfad7848d4ebe18a69f3404bde42f9a83fc3f5faf	Letswave header rewritten (scipy savemat): 4 fields changed (event-code patient prefix removed, history dates day -> 01)
Jonas_et_al_PNAS_2016_Part_2/P22/P22_face_periodic_2sequences.mat	60284995	4eeab47c14704c9647e30069c95bedde47de0af7f4accd93bd0e33607411939e	f6798e1f5390a379fa0e5c5ce51dbd371d4f3547c3f11ad1bad89f2a07628d0b	MAT text header date -> Mmm 01 yyyy
Jonas_et_al_PNAS_2016_Part_2/P23/P23_face_nonperiodic_1sequences.lw5	7443	537e83143ecdca0e9e879cfb126a842210866004c4f3d04871f229fbf72eb4fb	3db08af51e8cdbc3eaab2440211e7ee40fbac4140f5da48d13599ccc05776e61	Letswave header rewritten (scipy savemat): 3 fields changed (event-code patient prefix removed, history dates day -> 01)
Jonas_et_al_PNAS_2016_Part_2/P23/P23_face_nonperiodic_1sequences.mat	30128072	64d9201c8b8db73eaac9b61e97e3c4c432685e8adb7931d87845a00277c0d69a	56419a98f300124a872905faf2e6b32547fe5b412292cc79bde5c4bc812a4b11	MAT text header date -> Mmm 01 yyyy
Jonas_et_al_PNAS_2016_Part_2/P23/P23_face_periodic_2sequences.lw5	13079	dfb7557b709604a2ab0cba0e3ee6bb0e9f0b8962391a3bab2d939f75d5a5b53c	3f050331fee6bef86a129e99479568a365f4b5f5ce4389e61ce112ab841bebce	Letswave header rewritten (scipy savemat): 4 fields changed (event-code patient prefix removed, history dates day -> 01)
Jonas_et_al_PNAS_2016_Part_2/P23/P23_face_periodic_2sequences.mat	60411045	d0c54920b666e802ca0b23dd862842dfd76aed824ac5552346510f5c4dfb0f9d	7a214f4acf8bb7de067466006d8de648335f1871bfe7423f2e79532e54879aa4	MAT text header date -> Mmm 01 yyyy
Jonas_et_al_PNAS_2016_Part_2/P26/P26_face_nonperiodic_1sequences.lw5	7383	e61cc0652153fbd465e29393049e48890549dc67748976d0c24a6f1b250109bf	f04b21cec6360004b925fc2c533af74edfd8b30aa0bf6cf1745cb0f24dbc9b47	Letswave header rewritten (scipy savemat): 3 fields changed (event-code patient prefix removed, history dates day -> 01)
Jonas_et_al_PNAS_2016_Part_2/P26/P26_face_nonperiodic_1sequences.mat	30159818	bbebe15126f970ac579d85f6440b80d5eb07575344a7fddef58abd819c3d709f	7fc6c20d1bb442a7bf3c81746555544f04aa57880616e1f24654068626277b37	MAT text header date -> Mmm 01 yyyy
Jonas_et_al_PNAS_2016_Part_2/P26/P26_face_periodic_2sequences.lw5	13476	dd086ae8e98bce1b61b2bdbe66c4c469ee66726f71b9f3e72d6f764a871e19c6	41d706d9ebdcf6ce55d81bdab5599b145dae1385229e7abea0f5659fdc39220e	Letswave header rewritten (scipy savemat): 4 fields changed (event-code patient prefix removed, history dates day -> 01)
Jonas_et_al_PNAS_2016_Part_2/P26/P26_face_periodic_2sequences.mat	60390418	d785157633a73c385e9c16b5a3c87712a22de7ce8506e4e9ddde9a8c40debf9e	aa8206fd4e278713de9f0bf702dc441c856e62bc6ae1c08dd0a79f09a7d6b4ac	MAT text header date -> Mmm 01 yyyy
Jonas_et_al_PNAS_2016_Part_2/P28/P28_face_nonperiodic_2sequences.lw5	34971	081ecca02d4dd32c970302d6cb09adf61756ab7ce4f6301e7f8a27f2cc814dcc	d5765536b06857688c529971f375d786d7893ce78c652e46be0617dd524b6047	Letswave header rewritten (scipy savemat): 8 fields changed (event-code patient prefix removed, history dates day -> 01)
Jonas_et_al_PNAS_2016_Part_2/P28/P28_face_nonperiodic_2sequences.mat	60546428	f48c87c1d4d79de615db58646401ffb364c33bf9ec1c2a4bda7259272f223840	391f81f93d3c551dd68aaf9e107c52ccee5f8560612530a19ea114f519c055b4	MAT text header date -> Mmm 01 yyyy
Jonas_et_al_PNAS_2016_Part_2/P28/P28_face_periodic_4sequences.lw5	35570	295b24a6ab9caa2b6339b66184a979b1d007381f99bed95d7ecbc9215658ed96	08f95d5ee1334a066847690e9261e3ed82c63223357838d4572f71321c24a3dd	Letswave header rewritten (scipy savemat): 8 fields changed (event-code patient prefix removed, history dates day -> 01)
Jonas_et_al_PNAS_2016_Part_2/P28/P28_face_periodic_4sequences.mat	121288363	57734bdef6a20afe692fdb99bd004bf1bc71957674dca0ec282d6feaad5c1671	21a78a0c3416f4bba50471966bafb5ea12ed2cd7f05260fac6b3f5f2a0fdcc27	MAT text header date -> Mmm 01 yyyy
Jonas_et_al_PNAS_2016_Part_2/P29/P29_face_nonperiodic_2sequences.lw5	13132	8553d8d665abffa27a4bd2dd9f820781e40217c25b5309f6e360b67cc23a4e68	9b903c40de582e293d5e1d94558d4dec022779d08491170421120171bc57502f	Letswave header rewritten (scipy savemat): 4 fields changed (event-code patient prefix removed, history dates day -> 01)
Jonas_et_al_PNAS_2016_Part_2/P29/P29_face_nonperiodic_2sequences.mat	60554539	5f55228d6ec5141930a7c903429ce18f95c31e71af550f49b2beee0bd15aef0a	461e95393542fe23c26080b6ace1901b4a858c7294570020e80c58f932a34da7	MAT text header date -> Mmm 01 yyyy
Jonas_et_al_PNAS_2016_Part_2/P29/P29_face_periodic_2sequences.lw5	13124	6583e39bb1572434805a6ac966d69bfbec7bddc9e40efcdee0d219f3b9bd46cb	ffc372f5a76f8d86a6505277b423f2d31288803a31bfe65be9db1efed244967d	Letswave header rewritten (scipy savemat): 4 fields changed (event-code patient prefix removed, history dates day -> 01)
Jonas_et_al_PNAS_2016_Part_2/P29/P29_face_periodic_2sequences.mat	60521265	2b0c7bed9a50d693693c49de57617f09a96cc75aef53fee0a0aa638bccf4c88a	b4e65dba41962a3b36287eb93a8601f97e0f4582e2a993a86ddab74bb049a4cd	MAT text header date -> Mmm 01 yyyy
Jonas_et_al_PNAS_2016_Part_2/P30/P30_face_nonperiodic_2sequences.lw5	13787	9423f34b839fa087611d6f6c4b1da80e3f2b442b474b0ddfe9e5a70be5e1098b	76a4a5bf34393e1aeeaeaff88325f09a3493d5026990c7b2f9bdc936aa81a6d3	Letswave header rewritten (scipy savemat): 5 fields changed (event-code patient prefix removed, history dates day -> 01)
Jonas_et_al_PNAS_2016_Part_2/P30/P30_face_nonperiodic_2sequences.mat	60524477	941c565a12508bdee5bd4a6a3375a18e0813a927e74fd44665937367d8aa64eb	47c4030bcc6a2bb89fa2db74d3a4894de4695269dc0f932ff7398c2dd2c9fd07	MAT text header date -> Mmm 01 yyyy
Jonas_et_al_PNAS_2016_Part_2/P30/P30_face_periodic_2sequences.lw5	13801	98de41aae6eb3acfe01c27aaedae156f6d2b6c7ef11bafe8d646e52e32d06a89	c31a66d290e2ece0afb183aa11aa6c27f700edb177520b953771551711244a89	Letswave header rewritten (scipy savemat): 4 fields changed (event-code patient prefix removed, history dates day -> 01)
Jonas_et_al_PNAS_2016_Part_2/P30/P30_face_periodic_2sequences.mat	60490234	86516e3ada5377359744be3d806a2e8586168c5452a1a435fe5f01d8d36c59f3	a9f61b077b6a4e037b0db5ce5df2ed380a888f99061ec603c2df93a6b0274fa8	MAT text header date -> Mmm 01 yyyy
Jonas_et_al_PNAS_2016_Part_2/READ_ME.txt	2659	8bd4ddb05ffec8494d7c350dd74e69678bd413ee49829c82dadf67e341017c42	8bd4ddb05ffec8494d7c350dd74e69678bd413ee49829c82dadf67e341017c42	unchanged
Jonas_et_al_PNAS_2016_Part_3/P31/P31_face_nonperiodic_2sequences.lw5	13213	8698e4cc327dc529d27e73ef6dcfcb6438717047c2126af06948a12f5bf80c66	2fc43ed0a57b3cdcdd949812cab1e640960c6a35817f8dd1257f0027f27ecbf3	Letswave header rewritten (scipy savemat): 5 fields changed (event-code patient prefix removed, history dates day -> 01)
Jonas_et_al_PNAS_2016_Part_3/P31/P31_face_nonperiodic_2sequences.mat	51006098	618dfb4c7b32abfb807cb91ff924e6cd703c1625c2aff95a2b03614ccfa82507	7a4c69d30ad3eca2b59bd4fa785eed71b5611beffbfc76d8b017a22cf9b68012	MAT text header date -> Mmm 01 yyyy
Jonas_et_al_PNAS_2016_Part_3/P31/P31_face_periodic_2sequences.lw5	12996	21333432b36da7747f7abda79db5ed4c310faac8e2347fadf9aac8be1fe6acf2	a26578f4639565e25fd77b09ed39fda1a893732633b78ad6dff436b48667957d	Letswave header rewritten (scipy savemat): 4 fields changed (event-code patient prefix removed, history dates day -> 01)
Jonas_et_al_PNAS_2016_Part_3/P31/P31_face_periodic_2sequences.mat	50994233	78ccfcb1b4b8e624afbfcce81140530075f5db9b150f99e24fbeb897fa14cf72	f28a6055d9135385e42330bb4af9ee6154f5098c3cff2285002f77550ab412c4	MAT text header date -> Mmm 01 yyyy
Jonas_et_al_PNAS_2016_Part_3/P32/P32_face_nonperiodic_2sequences.lw5	12804	bb56992a4aa4b7ffdfa247dde6b0f91f11d9841042393fd8fe802469c3cb8a44	f379db1e4feb5ddbbf51e53ab75ee97bcf6a3ffd2e9b0a35d40302664dcfbbf0	Letswave header rewritten (scipy savemat): 5 fields changed (event-code patient prefix removed, history dates day -> 01)
Jonas_et_al_PNAS_2016_Part_3/P32/P32_face_nonperiodic_2sequences.mat	38763071	c23fe780b14face81bb955f9d32edc77f59ca97dc8228657ebb57cb0a2688e3a	1d7644b51e28b14ad2ac29db8f1f6d57fc5a1a803c574731b2fc5def9b13f5cc	MAT text header date -> Mmm 01 yyyy
Jonas_et_al_PNAS_2016_Part_3/P32/P32_face_periodic_2sequences.lw5	12756	94408492a4852c3cca0c19acc73a8696901637a09b86ea2a63ad0444b2c0f96d	b9c3e187daa85eccaccca9e2622225e1da7eb4fa95c23dbd57ca4b75b5845adc	Letswave header rewritten (scipy savemat): 4 fields changed (event-code patient prefix removed, history dates day -> 01)
Jonas_et_al_PNAS_2016_Part_3/P32/P32_face_periodic_2sequences.mat	38719794	65aea29f2d71d3a1754f76f1169216fe02996d21b10a74a97e91d7f2222bfd3c	b08c9e673ecc39fe8b4f62f11e8886c7265acf60089e35f1557de4634ef1d3d9	MAT text header date -> Mmm 01 yyyy
Jonas_et_al_PNAS_2016_Part_3/P33/P33_face_nonperiodic_2sequences.lw5	12309	dae8ac6fb8be567808185236d00f35c335214b2df81ee37a5bde09b39d43baea	fabfcf871b08834b2196c9b7e5d1ccdd15bf16d35fe314156c6bae2b0b012f70	Letswave header rewritten (scipy savemat): 2 fields changed (event-code patient prefix removed, history dates day -> 01)
Jonas_et_al_PNAS_2016_Part_3/P33/P33_face_nonperiodic_2sequences.mat	48817352	5c386eab4fe9efb6e6b8e1d0938bb9fe708317bd98bdb653aa0f4638c924afb5	08029b5fc7da856ea1cf61d6e75047111f74229b5032ef93fb1389f76856168f	MAT text header date -> Mmm 01 yyyy
Jonas_et_al_PNAS_2016_Part_3/P33/P33_face_periodic_2sequences.lw5	12255	d766eebf6a89465d79ec5d7af4c6470508933720362b5546f549ff492a72ea55	d14ebae8ded18a9c38c0ca6b817ad864b0a4b238b4149bf39e0c9f4b53210c26	Letswave header rewritten (scipy savemat): 2 fields changed (event-code patient prefix removed, history dates day -> 01)
Jonas_et_al_PNAS_2016_Part_3/P33/P33_face_periodic_2sequences.mat	48855923	9649f3fb1e85ac12afbe7fb25ed64499b3741cbd33385768c6626f58bb589053	8d716d8822966834f90dedf71ba9052839161b2309edb4afd5654c1225d33e1a	MAT text header date -> Mmm 01 yyyy
Jonas_et_al_PNAS_2016_Part_3/P34/P34_face_nonperiodic_2sequences.lw5	6851	7fb6fd68dbfb6b315853253fb0e234aa1f084a48ef958ccd1c0dedf288eb6c66	6c648817e9b4266b6de3dc2177ba7e8c41da121aed6a95bd7710f7860d7dfea7	Letswave header rewritten (scipy savemat): 3 fields changed (event-code patient prefix removed, history dates day -> 01)
Jonas_et_al_PNAS_2016_Part_3/P34/P34_face_nonperiodic_2sequences.mat	47894980	190b2c73369b7cf101330f42b4f2868f95a02bfb6bec34c714c81d075779284f	00abb2c5d8f78dfdeefc7d6f8b7d1abca88f209e198a9f63b38280a4aa48d62a	MAT text header date -> Mmm 01 yyyy
Jonas_et_al_PNAS_2016_Part_3/P34/P34_face_periodic_2sequences.lw5	7089	1e11a0d97b0ea778ca68f9475bfd91f3e9aac177b889761f996d4453a03e14aa	ff8b119681eefcdc6e3053b3c2880f76f7d4e526bf2cf52dc21737aed3834833	Letswave header rewritten (scipy savemat): 3 fields changed (event-code patient prefix removed, history dates day -> 01)
Jonas_et_al_PNAS_2016_Part_3/P34/P34_face_periodic_2sequences.mat	47983662	df3575ba72bc354ff7be4451286975b1df08ee437306a622daf1ddd2a242ee19	1593f2a4dba9b17d13e1683e6308b081aa1ec83573db8e1410acde60f27004c5	MAT text header date -> Mmm 01 yyyy
Jonas_et_al_PNAS_2016_Part_3/P35/P35_face_nonperiodic_2sequences.lw5	12261	a51c236c26e2609e4150376abddb4fd756044b8d9fdedec0b5d683f447b96b4c	35f1108e425fdb4488297e2405517c22e87bd6e02f55c7dc21e4fc73d3a3c33e	Letswave header rewritten (scipy savemat): 4 fields changed (event-code patient prefix removed, history dates day -> 01)
Jonas_et_al_PNAS_2016_Part_3/P35/P35_face_nonperiodic_2sequences.mat	36796754	85f66668ed496b20a1d47e7fb0b47d75340f6b38b0feeb36b12ac9d13d7a5a31	5d7c2f01a10c44802d73d377c03167423bc56a7652cf06265979bdc7a9826aae	MAT text header date -> Mmm 01 yyyy
Jonas_et_al_PNAS_2016_Part_3/P35/P35_face_periodic_2sequences.lw5	12319	4f4fb72a5d243397a5209bb33f2debfa79aede1ff00b0c72487e1d21f45eb29e	42b800240a8384140b1aa26df7a4101d373683d7a49c8ef8c2ef50d13bf71025	Letswave header rewritten (scipy savemat): 4 fields changed (event-code patient prefix removed, history dates day -> 01)
Jonas_et_al_PNAS_2016_Part_3/P35/P35_face_periodic_2sequences.mat	36844014	eedf328b685488d3a9aeb605e498b3ffd9273f32484a20f3d5f75ca46a9ddc4d	d40e698efc1533ab3cacf9ce55f892e1bc31048c1c4d57ab4f4782a388e5c9be	MAT text header date -> Mmm 01 yyyy
Jonas_et_al_PNAS_2016_Part_3/P36/P36_face_nonperiodic_1sequences.lw5	23778	58036b2770973d51a902de4821f133ecbaf9a3e86899144eef6a1f353ea53278	924534b88614625f028eea97200480571bf0d188b6f693acaf5150afd8b62813	Letswave header rewritten (scipy savemat): 7 fields changed (event-code patient prefix removed, history dates day -> 01)
Jonas_et_al_PNAS_2016_Part_3/P36/P36_face_nonperiodic_1sequences.mat	27609015	8571c6207613eb3b0794059bcee681bf43207b8e4800ec0b930cce20db516e58	ac68eef20a0b3c22921fbc953f64749432b129843223c206b09c29a2ca38a3e7	MAT text header date -> Mmm 01 yyyy
Jonas_et_al_PNAS_2016_Part_3/P36/P36_face_periodic_4sequences.lw5	23759	80d9811abad0a804f3b6e454110e07e3ddd207a95f4d9da80db360a0d2da385d	5bde5ea02772bac860300e658eebc96f2b917b9bd9e7af9509f401e298311a79	Letswave header rewritten (scipy savemat): 7 fields changed (event-code patient prefix removed, history dates day -> 01)
Jonas_et_al_PNAS_2016_Part_3/P36/P36_face_periodic_4sequences.mat	111333587	ae402c3aafd50e2f6ea78211eb6edc8cb7c10440c58ddafae0e94c396290884c	94ac595a79782fa0c110221e2362e3981623667229a13a1d369d546f7414cda5	MAT text header date -> Mmm 01 yyyy
Jonas_et_al_PNAS_2016_Part_3/P37/P37_face_nonperiodic_2sequences.lw5	12483	218b220b0d7b85a10d319d9e6b5a591ea3f1c3f574550992c52dc2c1f2697502	bac1d7547eeb1334c723b88ae1700656c41477278f89b3a91a12bf1a4c4700c7	Letswave header rewritten (scipy savemat): 5 fields changed (event-code patient prefix removed, history dates day -> 01)
Jonas_et_al_PNAS_2016_Part_3/P37/P37_face_nonperiodic_2sequences.mat	49822258	58108b210ed3f51f7fc66c7d35d206ca9481b7f550623d64dd3620dc8e362e1f	7d01baf12c3483cd7137b7aef7555f1a56ec2029f367679038b03f35b70149d4	MAT text header date -> Mmm 01 yyyy
Jonas_et_al_PNAS_2016_Part_3/P37/P37_face_periodic_2sequences.lw5	12280	73dfeb766e7ef6b28e86f7cab6158b93e00d51e8d1d9f7263bf32e4a9fc79661	2a5052c490c70383a9ab8d28ac5d57c591cd10099543bc250d75e75645c01eb7	Letswave header rewritten (scipy savemat): 4 fields changed (event-code patient prefix removed, history dates day -> 01)
Jonas_et_al_PNAS_2016_Part_3/P37/P37_face_periodic_2sequences.mat	49798054	88a9267ddcf3712484b869d0921cb46cc520d47ea7f1a7471e9dfdb45c78db40	a67a29340e06e9d75c5f14eb72fae6f29461cabac31675c9d44c8cb9136ef4a6	MAT text header date -> Mmm 01 yyyy
Jonas_et_al_PNAS_2016_Part_3/P38/P38_face_nonperiodic_1sequences.lw5	23264	dd87580d79de6d792d5a02500457c2425a92d49f04cc7af39a858d020df44bd4	73c6a1c6e08ad46604bf2049a180234decf5ed74cbdf98b5ee42d320da7f7689	Letswave header rewritten (scipy savemat): 6 fields changed (event-code patient prefix removed, history dates day -> 01)
Jonas_et_al_PNAS_2016_Part_3/P38/P38_face_nonperiodic_1sequences.mat	19395398	9e1e227d19f9cb4f6abc8bf5af1ee2321baae8503f06f1bc6e9fb80f0f226ce3	8f3053dd3cd077b2d848055e5414b3962a47b81f9c6f4d06fba7fd193afa2528	MAT text header date -> Mmm 01 yyyy
Jonas_et_al_PNAS_2016_Part_3/P38/P38_face_periodic_4sequences.lw5	23214	2ed1a4ca39379f5f8fe97517d5521df6199d7a735c843e006ce1a6aa0b17b1bd	0e4575abc61760743bc556ed5bea401aa55b279ac1416e8de27a2cf882ffdb9f	Letswave header rewritten (scipy savemat): 6 fields changed (event-code patient prefix removed, history dates day -> 01)
Jonas_et_al_PNAS_2016_Part_3/P38/P38_face_periodic_4sequences.mat	77720918	eb1cb9ad1dadfc74383554822d52465014ab25ff84374923982524adc89d956f	188167853b2750866ee0e8a64827a8b455fc96c058cd73a2fce494ecb5b7f71f	MAT text header date -> Mmm 01 yyyy
Jonas_et_al_PNAS_2016_Part_3/P39/P39_face_nonperiodic_2sequences.lw5	12458	0ba4f8a53d5a4f21ce65cb0f66e47332993e8779f3da7cf116fb0ad4153eeb02	78a1ee0af88ca80b2597161c9ebc4e2763f1e7190c77c385a7118ff65e2df6ae	Letswave header rewritten (scipy savemat): 5 fields changed (event-code patient prefix removed, history dates day -> 01)
Jonas_et_al_PNAS_2016_Part_3/P39/P39_face_nonperiodic_2sequences.mat	50244476	bbf9ed2cf776833d0bcc4036dc175b0105e5cbbf116acb98410ffe69d41ff806	4a8bf2a74f60f631f517e1680ea15a7447e86075f301747c12feff99896d0f29	MAT text header date -> Mmm 01 yyyy
Jonas_et_al_PNAS_2016_Part_3/P39/P39_face_periodic_2sequences.lw5	12397	130d043374a7b889b5d5564d51d262c686ab48cdaa5f6d19b39f766dc0184f52	7f468c312800d0d0c553e4eec6d491ccb44e492c8f29c42f0ca38e3507ca8cfb	Letswave header rewritten (scipy savemat): 4 fields changed (event-code patient prefix removed, history dates day -> 01)
Jonas_et_al_PNAS_2016_Part_3/P39/P39_face_periodic_2sequences.mat	50288366	4a34f18106e1bb207a5b4b7ab4eadc70c3d540cc54535f45232dcddd06e1601d	7794ad26cd5f1aa5a7b1fd59fcc208888dab2cc41a379249c6db8b8f0e1d551c	MAT text header date -> Mmm 01 yyyy
Jonas_et_al_PNAS_2016_Part_3/READ_ME.txt	2659	8bd4ddb05ffec8494d7c350dd74e69678bd413ee49829c82dadf67e341017c42	8bd4ddb05ffec8494d7c350dd74e69678bd413ee49829c82dadf67e341017c42	unchanged
README_for_Jonas_et_al_PNAS_2016_Part_1.txt	2659	8bd4ddb05ffec8494d7c350dd74e69678bd413ee49829c82dadf67e341017c42	8bd4ddb05ffec8494d7c350dd74e69678bd413ee49829c82dadf67e341017c42	unchanged
README_for_Jonas_et_al_PNAS_2016_Part_2.txt	2659	8bd4ddb05ffec8494d7c350dd74e69678bd413ee49829c82dadf67e341017c42	8bd4ddb05ffec8494d7c350dd74e69678bd413ee49829c82dadf67e341017c42	unchanged
README_for_Jonas_et_al_PNAS_2016_Part_3.txt	2659	8bd4ddb05ffec8494d7c350dd74e69678bd413ee49829c82dadf67e341017c42	8bd4ddb05ffec8494d7c350dd74e69678bd413ee49829c82dadf67e341017c42	unchanged
