onset	duration	trial_type	sequence	latency_in_sequence	sample
0.164053	0	s1	1	2.164053	84
0.164053	0	s1	1	2.164053	84
0.332053	0	s1	1	2.332053	170
0.332053	0	s1	1	2.332053	170
0.498053	0	s1	1	2.498053	255
0.498053	0	s1	1	2.498053	255
0.666053	0	s1	1	2.666053	341
0.666053	0	s1	1	2.666053	341
0.832053	0	s1	1	2.832053	426
0.832053	0	s1	1	2.832053	426
0.998053	0	s1	1	2.998053	511
0.998053	0	s1	1	2.998053	511
1.164053	0	s1	1	3.164053	596
1.164053	0	s1	1	3.164053	596
1.332053	0	s1	1	3.332053	682
1.332053	0	s1	1	3.332053	682
1.498053	0	s1	1	3.498053	767
1.498053	0	s1	1	3.498053	767
1.666053	0	s1	1	3.666053	853
1.666053	0	s1	1	3.666053	853
1.830053	0	s1	1	3.830053	937
1.830053	0	s1	1	3.830053	937
1.998053	0	s1	1	3.998053	1023
1.998053	0	s1	1	3.998053	1023
2.164053	0	s1	1	4.164053	1108
2.164053	0	s1	1	4.164053	1108
2.332053	0	s1	1	4.332053	1194
2.332053	0	s1	1	4.332053	1194
2.494153	0	s1	1	4.494153	1277
2.494153	0	s1	1	4.494153	1277
2.664053	0	s1	1	4.664053	1364
2.664053	0	s1	1	4.664053	1364
2.830053	0	s1	1	4.830053	1449
2.830053	0	s1	1	4.830053	1449
2.998053	0	s1	1	4.998053	1535
2.998053	0	s1	1	4.998053	1535
3.164053	0	s1	1	5.164053	1620
3.164053	0	s1	1	5.164053	1620
3.330053	0	s1	1	5.330053	1705
3.330053	0	s1	1	5.330053	1705
3.494153	0	s1	1	5.494153	1789
3.494153	0	s1	1	5.494153	1789
3.664053	0	s1	1	5.664053	1876
3.664053	0	s1	1	5.664053	1876
3.830053	0	s1	1	5.830053	1961
3.830053	0	s1	1	5.830053	1961
3.994153	0	s1	1	5.994153	2045
3.994153	0	s1	1	5.994153	2045
4.162153	0	s1	1	6.162153	2131
4.162153	0	s1	1	6.162153	2131
4.330053	0	s1	1	6.330053	2217
4.330053	0	s1	1	6.330053	2217
4.494153	0	s1	1	6.494153	2301
4.494153	0	s1	1	6.494153	2301
4.664053	0	s1	1	6.664053	2388
4.664053	0	s1	1	6.664053	2388
4.828153	0	s1	1	6.828153	2472
4.828153	0	s1	1	6.828153	2472
4.994153	0	s1	1	6.994153	2557
4.994153	0	s1	1	6.994153	2557
5.162153	0	s1	1	7.162153	2643
5.162153	0	s1	1	7.162153	2643
5.330053	0	s1	1	7.330053	2729
5.330053	0	s1	1	7.330053	2729
5.494153	0	s1	1	7.494153	2813
5.494153	0	s1	1	7.494153	2813
5.664053	0	s1	1	7.664053	2900
5.664053	0	s1	1	7.664053	2900
5.828153	0	s1	1	7.828153	2984
5.828153	0	s1	1	7.828153	2984
5.994153	0	s1	1	7.994153	3069
5.994153	0	s1	1	7.994153	3069
6.162153	0	s1	1	8.162153	3155
6.162153	0	s1	1	8.162153	3155
6.328153	0	s1	1	8.328153	3240
6.328153	0	s1	1	8.328153	3240
6.494153	0	s1	1	8.494153	3325
6.494153	0	s1	1	8.494153	3325
6.662153	0	s1	1	8.662153	3411
6.662153	0	s1	1	8.662153	3411
6.828153	0	s1	1	8.828153	3496
6.828153	0	s1	1	8.828153	3496
6.994153	0	s1	1	8.994153	3581
6.994153	0	s1	1	8.994153	3581
7.162153	0	s1	1	9.162153	3667
7.162153	0	s1	1	9.162153	3667
7.328153	0	s1	1	9.328153	3752
7.328153	0	s1	1	9.328153	3752
7.494153	0	s1	1	9.494153	3837
7.494153	0	s1	1	9.494153	3837
7.662153	0	s1	1	9.662153	3923
7.662153	0	s1	1	9.662153	3923
7.828153	0	s1	1	9.828153	4008
7.828153	0	s1	1	9.828153	4008
7.994153	0	s1	1	9.994153	4093
7.994153	0	s1	1	9.994153	4093
8.160153	0	s1	1	10.160153	4178
8.160153	0	s1	1	10.160153	4178
8.328153	0	s1	1	10.328153	4264
8.328153	0	s1	1	10.328153	4264
8.494153	0	s1	1	10.494153	4349
8.494153	0	s1	1	10.494153	4349
8.662153	0	s1	1	10.662153	4435
8.662153	0	s1	1	10.662153	4435
8.826153	0	s1	1	10.826153	4519
8.826153	0	s1	1	10.826153	4519
8.994153	0	s1	1	10.994153	4605
8.994153	0	s1	1	10.994153	4605
9.160153	0	s1	1	11.160153	4690
9.160153	0	s1	1	11.160153	4690
9.326153	0	s1	1	11.326153	4775
9.326153	0	s1	1	11.326153	4775
9.492153	0	s1	1	11.492153	4860
9.492153	0	s1	1	11.492153	4860
9.660153	0	s1	1	11.660153	4946
9.660153	0	s1	1	11.660153	4946
9.826153	0	s1	1	11.826153	5031
9.826153	0	s1	1	11.826153	5031
9.994153	0	s1	1	11.994153	5117
9.994153	0	s1	1	11.994153	5117
10.162153	0	s1	1	12.162153	5203
10.162153	0	s1	1	12.162153	5203
10.326153	0	s1	1	12.326153	5287
10.326153	0	s1	1	12.326153	5287
10.492153	0	s1	1	12.492153	5372
10.492153	0	s1	1	12.492153	5372
10.660153	0	s1	1	12.660153	5458
10.660153	0	s1	1	12.660153	5458
10.828153	0	s1	1	12.828153	5544
10.828153	0	s1	1	12.828153	5544
10.992153	0	s1	1	12.992153	5628
10.992153	0	s1	1	12.992153	5628
11.160153	0	s1	1	13.160153	5714
11.160153	0	s1	1	13.160153	5714
11.326153	0	s1	1	13.326153	5799
11.326153	0	s1	1	13.326153	5799
11.494153	0	s1	1	13.494153	5885
11.494153	0	s1	1	13.494153	5885
11.658253	0	s1	1	13.658253	5969
11.658253	0	s1	1	13.658253	5969
11.826153	0	s1	1	13.826153	6055
11.826153	0	s1	1	13.826153	6055
11.992153	0	s1	1	13.992153	6140
11.992153	0	s1	1	13.992153	6140
12.160153	0	s1	1	14.160153	6226
12.160153	0	s1	1	14.160153	6226
12.326153	0	s1	1	14.326153	6311
12.326153	0	s1	1	14.326153	6311
12.492153	0	s1	1	14.492153	6396
12.492153	0	s1	1	14.492153	6396
12.658253	0	s1	1	14.658253	6481
12.658253	0	s1	1	14.658253	6481
12.826153	0	s1	1	14.826153	6567
12.826153	0	s1	1	14.826153	6567
12.992153	0	s1	1	14.992153	6652
12.992153	0	s1	1	14.992153	6652
13.158253	0	s1	1	15.158253	6737
13.158253	0	s1	1	15.158253	6737
13.324253	0	s1	1	15.324253	6822
13.324253	0	s1	1	15.324253	6822
13.492153	0	s1	1	15.492153	6908
13.492153	0	s1	1	15.492153	6908
13.658253	0	s1	1	15.658253	6993
13.658253	0	s1	1	15.658253	6993
13.826153	0	s1	1	15.826153	7079
13.826153	0	s1	1	15.826153	7079
13.990253	0	s1	1	15.990253	7163
13.990253	0	s1	1	15.990253	7163
14.158253	0	s1	1	16.158253	7249
14.158253	0	s1	1	16.158253	7249
14.324253	0	s1	1	16.324253	7334
14.324253	0	s1	1	16.324253	7334
14.492153	0	s1	1	16.492153	7420
14.492153	0	s1	1	16.492153	7420
14.658253	0	s1	1	16.658253	7505
14.658253	0	s1	1	16.658253	7505
14.822253	0	s1	1	16.822253	7589
14.822253	0	s1	1	16.822253	7589
14.990253	0	s1	1	16.990253	7675
14.990253	0	s1	1	16.990253	7675
15.158253	0	s1	1	17.158253	7761
15.158253	0	s1	1	17.158253	7761
15.324253	0	s1	1	17.324253	7846
15.324253	0	s1	1	17.324253	7846
15.490253	0	s1	1	17.490253	7931
15.490253	0	s1	1	17.490253	7931
15.656253	0	s1	1	17.656253	8016
15.656253	0	s1	1	17.656253	8016
15.824253	0	s1	1	17.824253	8102
15.824253	0	s1	1	17.824253	8102
15.990253	0	s1	1	17.990253	8187
15.990253	0	s1	1	17.990253	8187
16.158253	0	s1	1	18.158253	8273
16.158253	0	s1	1	18.158253	8273
16.324253	0	s1	1	18.324253	8358
16.324253	0	s1	1	18.324253	8358
16.490253	0	s1	1	18.490253	8443
16.490253	0	s1	1	18.490253	8443
16.656253	0	s1	1	18.656253	8528
16.656253	0	s1	1	18.656253	8528
16.824253	0	s1	1	18.824253	8614
16.824253	0	s1	1	18.824253	8614
16.990253	0	s1	1	18.990253	8699
16.990253	0	s1	1	18.990253	8699
17.156253	0	s1	1	19.156253	8784
17.156253	0	s1	1	19.156253	8784
17.322253	0	s1	1	19.322253	8869
17.322253	0	s1	1	19.322253	8869
17.490253	0	s1	1	19.490253	8955
17.490253	0	s1	1	19.490253	8955
17.654253	0	s1	1	19.654253	9039
17.654253	0	s1	1	19.654253	9039
17.822253	0	s1	1	19.822253	9125
17.822253	0	s1	1	19.822253	9125
17.988253	0	s1	1	19.988253	9210
17.988253	0	s1	1	19.988253	9210
18.156253	0	s1	1	20.156253	9296
18.156253	0	s1	1	20.156253	9296
18.322253	0	s1	1	20.322253	9381
18.322253	0	s1	1	20.322253	9381
18.488253	0	s1	1	20.488253	9466
18.488253	0	s1	1	20.488253	9466
18.654253	0	s1	1	20.654253	9551
18.654253	0	s1	1	20.654253	9551
18.822253	0	s1	1	20.822253	9637
18.822253	0	s1	1	20.822253	9637
18.988253	0	s1	1	20.988253	9722
18.988253	0	s1	1	20.988253	9722
19.156253	0	s1	1	21.156253	9808
19.156253	0	s1	1	21.156253	9808
19.320353	0	s1	1	21.320353	9892
19.320353	0	s1	1	21.320353	9892
19.488253	0	s1	1	21.488253	9978
19.488253	0	s1	1	21.488253	9978
19.654253	0	s1	1	21.654253	10063
19.654253	0	s1	1	21.654253	10063
19.822253	0	s1	1	21.822253	10149
19.822253	0	s1	1	21.822253	10149
19.988253	0	s1	1	21.988253	10234
19.988253	0	s1	1	21.988253	10234
20.154253	0	s1	1	22.154253	10319
20.154253	0	s1	1	22.154253	10319
20.320353	0	s1	1	22.320353	10404
20.320353	0	s1	1	22.320353	10404
20.488253	0	s1	1	22.488253	10490
20.488253	0	s1	1	22.488253	10490
20.654253	0	s1	1	22.654253	10575
20.654253	0	s1	1	22.654253	10575
20.822253	0	s1	1	22.822253	10661
20.822253	0	s1	1	22.822253	10661
20.986353	0	s1	1	22.986353	10745
20.986353	0	s1	1	22.986353	10745
21.154253	0	s1	1	23.154253	10831
21.154253	0	s1	1	23.154253	10831
21.320353	0	s1	1	23.320353	10916
21.320353	0	s1	1	23.320353	10916
21.488253	0	s1	1	23.488253	11002
21.488253	0	s1	1	23.488253	11002
21.650353	0	s1	1	23.650353	11085
21.650353	0	s1	1	23.650353	11085
21.820353	0	s1	1	23.820353	11172
21.820353	0	s1	1	23.820353	11172
21.986353	0	s1	1	23.986353	11257
21.986353	0	s1	1	23.986353	11257
22.150353	0	s1	1	24.150353	11341
22.150353	0	s1	1	24.150353	11341
22.320353	0	s1	1	24.320353	11428
22.320353	0	s1	1	24.320353	11428
22.486353	0	s1	1	24.486353	11513
22.486353	0	s1	1	24.486353	11513
22.650353	0	s1	1	24.650353	11597
22.650353	0	s1	1	24.650353	11597
22.820353	0	s1	1	24.820353	11684
22.820353	0	s1	1	24.820353	11684
22.986353	0	s1	1	24.986353	11769
22.986353	0	s1	1	24.986353	11769
23.150353	0	s1	1	25.150353	11853
23.150353	0	s1	1	25.150353	11853
23.318353	0	s1	1	25.318353	11939
23.318353	0	s1	1	25.318353	11939
23.486353	0	s1	1	25.486353	12025
23.486353	0	s1	1	25.486353	12025
23.654253	0	s1	1	25.654253	12111
23.654253	0	s1	1	25.654253	12111
23.820353	0	s1	1	25.820353	12196
23.820353	0	s1	1	25.820353	12196
23.984353	0	s1	1	25.984353	12280
23.984353	0	s1	1	25.984353	12280
24.150353	0	s1	1	26.150353	12365
24.150353	0	s1	1	26.150353	12365
24.318353	0	s1	1	26.318353	12451
24.318353	0	s1	1	26.318353	12451
24.486353	0	s1	1	26.486353	12537
24.486353	0	s1	1	26.486353	12537
24.650353	0	s1	1	26.650353	12621
24.650353	0	s1	1	26.650353	12621
24.818353	0	s1	1	26.818353	12707
24.818353	0	s1	1	26.818353	12707
24.984353	0	s1	1	26.984353	12792
24.984353	0	s1	1	26.984353	12792
25.150353	0	s1	1	27.150353	12877
25.150353	0	s1	1	27.150353	12877
25.316453	0	s1	1	27.316453	12962
25.316453	0	s1	1	27.316453	12962
25.484353	0	s1	1	27.484353	13048
25.484353	0	s1	1	27.484353	13048
25.650353	0	s1	1	27.650353	13133
25.650353	0	s1	1	27.650353	13133
25.818353	0	s1	1	27.818353	13219
25.818353	0	s1	1	27.818353	13219
25.984353	0	s1	1	27.984353	13304
25.984353	0	s1	1	27.984353	13304
26.150353	0	s1	1	28.150353	13389
26.150353	0	s1	1	28.150353	13389
26.316453	0	s1	1	28.316453	13474
26.316453	0	s1	1	28.316453	13474
26.484353	0	s1	1	28.484353	13560
26.484353	0	s1	1	28.484353	13560
26.650353	0	s1	1	28.650353	13645
26.650353	0	s1	1	28.650353	13645
26.816453	0	s1	1	28.816453	13730
26.816453	0	s1	1	28.816453	13730
26.984353	0	s1	1	28.984353	13816
26.984353	0	s1	1	28.984353	13816
27.150353	0	s1	1	29.150353	13901
27.150353	0	s1	1	29.150353	13901
27.316453	0	s1	1	29.316453	13986
27.316453	0	s1	1	29.316453	13986
27.484353	0	s1	1	29.484353	14072
27.484353	0	s1	1	29.484353	14072
27.650353	0	s1	1	29.650353	14157
27.650353	0	s1	1	29.650353	14157
27.816453	0	s1	1	29.816453	14242
27.816453	0	s1	1	29.816453	14242
27.982453	0	s1	1	29.982453	14327
27.982453	0	s1	1	29.982453	14327
28.150353	0	s1	1	30.150353	14413
28.150353	0	s1	1	30.150353	14413
28.316453	0	s1	1	30.316453	14498
28.316453	0	s1	1	30.316453	14498
28.482453	0	s1	1	30.482453	14583
28.482453	0	s1	1	30.482453	14583
28.650353	0	s1	1	30.650353	14669
28.650353	0	s1	1	30.650353	14669
28.816453	0	s1	1	30.816453	14754
28.816453	0	s1	1	30.816453	14754
28.984353	0	s1	1	30.984353	14840
28.984353	0	s1	1	30.984353	14840
29.150353	0	s1	1	31.150353	14925
29.150353	0	s1	1	31.150353	14925
29.314453	0	s1	1	31.314453	15009
29.314453	0	s1	1	31.314453	15009
29.482453	0	s1	1	31.482453	15095
29.482453	0	s1	1	31.482453	15095
29.650353	0	s1	1	31.650353	15181
29.650353	0	s1	1	31.650353	15181
29.816453	0	s1	1	31.816453	15266
29.816453	0	s1	1	31.816453	15266
29.982453	0	s1	1	31.982453	15351
29.982453	0	s1	1	31.982453	15351
30.148453	0	s1	1	32.148453	15436
30.148453	0	s1	1	32.148453	15436
30.316453	0	s1	1	32.316453	15522
30.316453	0	s1	1	32.316453	15522
30.482453	0	s1	1	32.482453	15607
30.482453	0	s1	1	32.482453	15607
30.650353	0	s1	1	32.650353	15693
30.650353	0	s1	1	32.650353	15693
30.814453	0	s1	1	32.814453	15777
30.814453	0	s1	1	32.814453	15777
30.980453	0	s1	1	32.980453	15862
30.980453	0	s1	1	32.980453	15862
31.148453	0	s1	1	33.148453	15948
31.148453	0	s1	1	33.148453	15948
31.316453	0	s1	1	33.316453	16034
31.316453	0	s1	1	33.316453	16034
31.480453	0	s1	1	33.480453	16118
31.480453	0	s1	1	33.480453	16118
31.648453	0	s1	1	33.648453	16204
31.648453	0	s1	1	33.648453	16204
31.814453	0	s1	1	33.814453	16289
31.814453	0	s1	1	33.814453	16289
31.982453	0	s1	1	33.982453	16375
31.982453	0	s1	1	33.982453	16375
32.148453	0	s1	1	34.148453	16460
32.148453	0	s1	1	34.148453	16460
32.314453	0	s1	1	34.314453	16545
32.314453	0	s1	1	34.314453	16545
32.478553	0	s1	1	34.478553	16629
32.478553	0	s1	1	34.478553	16629
32.648453	0	s1	1	34.648453	16716
32.648453	0	s1	1	34.648453	16716
32.814453	0	s1	1	34.814453	16801
32.814453	0	s1	1	34.814453	16801
32.980453	0	s1	1	34.980453	16886
32.980453	0	s1	1	34.980453	16886
33.146453	0	s1	1	35.146453	16971
33.146453	0	s1	1	35.146453	16971
33.314453	0	s1	1	35.314453	17057
33.314453	0	s1	1	35.314453	17057
33.478553	0	s1	1	35.478553	17141
33.478553	0	s1	1	35.478553	17141
33.646453	0	s1	1	35.646453	17227
33.646453	0	s1	1	35.646453	17227
33.812453	0	s1	1	35.812453	17312
33.812453	0	s1	1	35.812453	17312
33.980453	0	s1	1	35.980453	17398
33.980453	0	s1	1	35.980453	17398
34.146453	0	s1	1	36.146453	17483
34.146453	0	s1	1	36.146453	17483
34.314453	0	s1	1	36.314453	17569
34.314453	0	s1	1	36.314453	17569
34.480453	0	s1	1	36.480453	17654
34.480453	0	s1	1	36.480453	17654
34.646453	0	s1	1	36.646453	17739
34.646453	0	s1	1	36.646453	17739
34.812453	0	s1	1	36.812453	17824
34.812453	0	s1	1	36.812453	17824
34.980453	0	s1	1	36.980453	17910
34.980453	0	s1	1	36.980453	17910
35.144553	0	s1	1	37.144553	17994
35.144553	0	s1	1	37.144553	17994
35.312453	0	s1	1	37.312453	18080
35.312453	0	s1	1	37.312453	18080
35.478553	0	s1	1	37.478553	18165
35.478553	0	s1	1	37.478553	18165
35.646453	0	s1	1	37.646453	18251
35.646453	0	s1	1	37.646453	18251
35.812453	0	s1	1	37.812453	18336
35.812453	0	s1	1	37.812453	18336
35.980453	0	s1	1	37.980453	18422
35.980453	0	s1	1	37.980453	18422
36.144553	0	s1	1	38.144553	18506
36.144553	0	s1	1	38.144553	18506
36.312453	0	s1	1	38.312453	18592
36.312453	0	s1	1	38.312453	18592
36.478553	0	s1	1	38.478553	18677
36.478553	0	s1	1	38.478553	18677
36.646453	0	s1	1	38.646453	18763
36.646453	0	s1	1	38.646453	18763
36.810553	0	s1	1	38.810553	18847
36.810553	0	s1	1	38.810553	18847
36.980453	0	s1	1	38.980453	18934
36.980453	0	s1	1	38.980453	18934
37.144553	0	s1	1	39.144553	19018
37.144553	0	s1	1	39.144553	19018
37.306653	0	s1	1	39.306653	19101
37.306653	0	s1	1	39.306653	19101
37.478553	0	s1	1	39.478553	19189
37.478553	0	s1	1	39.478553	19189
37.644553	0	s1	1	39.644553	19274
37.644553	0	s1	1	39.644553	19274
37.810553	0	s1	1	39.810553	19359
37.810553	0	s1	1	39.810553	19359
37.978553	0	s1	1	39.978553	19445
37.978553	0	s1	1	39.978553	19445
38.144553	0	s1	1	40.144553	19530
38.144553	0	s1	1	40.144553	19530
38.310553	0	s1	1	40.310553	19615
38.310553	0	s1	1	40.310553	19615
38.476553	0	s1	1	40.476553	19700
38.476553	0	s1	1	40.476553	19700
38.644553	0	s1	1	40.644553	19786
38.644553	0	s1	1	40.644553	19786
38.810553	0	s1	1	40.810553	19871
38.810553	0	s1	1	40.810553	19871
38.976553	0	s1	1	40.976553	19956
38.976553	0	s1	1	40.976553	19956
39.142553	0	s1	1	41.142553	20041
39.142553	0	s1	1	41.142553	20041
39.310553	0	s1	1	41.310553	20127
39.310553	0	s1	1	41.310553	20127
39.476553	0	s1	1	41.476553	20212
39.476553	0	s1	1	41.476553	20212
39.644553	0	s1	1	41.644553	20298
39.644553	0	s1	1	41.644553	20298
39.810553	0	s1	1	41.810553	20383
39.810553	0	s1	1	41.810553	20383
39.976553	0	s1	1	41.976553	20468
39.976553	0	s1	1	41.976553	20468
40.142553	0	s1	1	42.142553	20553
40.142553	0	s1	1	42.142553	20553
40.310553	0	s1	1	42.310553	20639
40.310553	0	s1	1	42.310553	20639
40.474653	0	s1	1	42.474653	20723
40.474653	0	s1	1	42.474653	20723
40.642553	0	s1	1	42.642553	20809
40.642553	0	s1	1	42.642553	20809
40.806653	0	s1	1	42.806653	20893
40.806653	0	s1	1	42.806653	20893
40.976553	0	s1	1	42.976553	20980
40.976553	0	s1	1	42.976553	20980
41.142553	0	s1	1	43.142553	21065
41.142553	0	s1	1	43.142553	21065
41.310553	0	s1	1	43.310553	21151
41.310553	0	s1	1	43.310553	21151
41.474653	0	s1	1	43.474653	21235
41.474653	0	s1	1	43.474653	21235
41.642553	0	s1	1	43.642553	21321
41.642553	0	s1	1	43.642553	21321
41.806653	0	s1	1	43.806653	21405
41.806653	0	s1	1	43.806653	21405
41.976553	0	s1	1	43.976553	21492
41.976553	0	s1	1	43.976553	21492
42.140653	0	s1	1	44.140653	21576
42.140653	0	s1	1	44.140653	21576
42.306653	0	s1	1	44.306653	21661
42.306653	0	s1	1	44.306653	21661
42.474653	0	s1	1	44.474653	21747
42.474653	0	s1	1	44.474653	21747
42.642553	0	s1	1	44.642553	21833
42.642553	0	s1	1	44.642553	21833
42.806653	0	s1	1	44.806653	21917
42.806653	0	s1	1	44.806653	21917
42.974653	0	s1	1	44.974653	22003
42.974653	0	s1	1	44.974653	22003
43.140653	0	s1	1	45.140653	22088
43.140653	0	s1	1	45.140653	22088
43.306653	0	s1	1	45.306653	22173
43.306653	0	s1	1	45.306653	22173
43.474653	0	s1	1	45.474653	22259
43.474653	0	s1	1	45.474653	22259
43.640653	0	s1	1	45.640653	22344
43.640653	0	s1	1	45.640653	22344
43.806653	0	s1	1	45.806653	22429
43.806653	0	s1	1	45.806653	22429
43.974653	0	s1	1	45.974653	22515
43.974653	0	s1	1	45.974653	22515
44.140653	0	s1	1	46.140653	22600
44.140653	0	s1	1	46.140653	22600
44.306653	0	s1	1	46.306653	22685
44.306653	0	s1	1	46.306653	22685
44.474653	0	s1	1	46.474653	22771
44.474653	0	s1	1	46.474653	22771
44.640653	0	s1	1	46.640653	22856
44.640653	0	s1	1	46.640653	22856
44.806653	0	s1	1	46.806653	22941
44.806653	0	s1	1	46.806653	22941
44.974653	0	s1	1	46.974653	23027
44.974653	0	s1	1	46.974653	23027
45.140653	0	s1	1	47.140653	23112
45.140653	0	s1	1	47.140653	23112
45.306653	0	s1	1	47.306653	23197
45.306653	0	s1	1	47.306653	23197
45.472653	0	s1	1	47.472653	23282
45.472653	0	s1	1	47.472653	23282
45.640653	0	s1	1	47.640653	23368
45.640653	0	s1	1	47.640653	23368
45.806653	0	s1	1	47.806653	23453
45.806653	0	s1	1	47.806653	23453
45.972653	0	s1	1	47.972653	23538
45.972653	0	s1	1	47.972653	23538
46.138653	0	s1	1	48.138653	23623
46.138653	0	s1	1	48.138653	23623
46.306653	0	s1	1	48.306653	23709
46.306653	0	s1	1	48.306653	23709
46.472653	0	s1	1	48.472653	23794
46.472653	0	s1	1	48.472653	23794
46.640653	0	s1	1	48.640653	23880
46.640653	0	s1	1	48.640653	23880
46.806653	0	s1	1	48.806653	23965
46.806653	0	s1	1	48.806653	23965
46.972653	0	s1	1	48.972653	24050
46.972653	0	s1	1	48.972653	24050
47.138653	0	s1	1	49.138653	24135
47.138653	0	s1	1	49.138653	24135
47.306653	0	s1	1	49.306653	24221
47.306653	0	s1	1	49.306653	24221
47.472653	0	s1	1	49.472653	24306
47.472653	0	s1	1	49.472653	24306
47.638653	0	s1	1	49.638653	24391
47.638653	0	s1	1	49.638653	24391
47.804653	0	s1	1	49.804653	24476
47.804653	0	s1	1	49.804653	24476
47.972653	0	s1	1	49.972653	24562
47.972653	0	s1	1	49.972653	24562
48.138653	0	s1	1	50.138653	24647
48.138653	0	s1	1	50.138653	24647
48.304653	0	s1	1	50.304653	24732
48.304653	0	s1	1	50.304653	24732
48.470753	0	s1	1	50.470753	24817
48.470753	0	s1	1	50.470753	24817
48.638653	0	s1	1	50.638653	24903
48.638653	0	s1	1	50.638653	24903
48.804653	0	s1	1	50.804653	24988
48.804653	0	s1	1	50.804653	24988
48.972653	0	s1	1	50.972653	25074
48.972653	0	s1	1	50.972653	25074
49.136753	0	s1	1	51.136753	25158
49.136753	0	s1	1	51.136753	25158
49.304653	0	s1	1	51.304653	25244
49.304653	0	s1	1	51.304653	25244
49.470753	0	s1	1	51.470753	25329
49.470753	0	s1	1	51.470753	25329
49.638653	0	s1	1	51.638653	25415
49.638653	0	s1	1	51.638653	25415
49.802753	0	s1	1	51.802753	25499
49.802753	0	s1	1	51.802753	25499
49.970753	0	s1	1	51.970753	25585
49.970753	0	s1	1	51.970753	25585
50.136753	0	s1	1	52.136753	25670
50.136753	0	s1	1	52.136753	25670
50.304653	0	s1	1	52.304653	25756
50.304653	0	s1	1	52.304653	25756
50.470753	0	s1	1	52.470753	25841
50.470753	0	s1	1	52.470753	25841
50.638653	0	s1	1	52.638653	25927
50.638653	0	s1	1	52.638653	25927
50.802753	0	s1	1	52.802753	26011
50.802753	0	s1	1	52.802753	26011
50.970753	0	s1	1	52.970753	26097
50.970753	0	s1	1	52.970753	26097
51.136753	0	s1	1	53.136753	26182
51.136753	0	s1	1	53.136753	26182
51.302753	0	s1	1	53.302753	26267
51.302753	0	s1	1	53.302753	26267
51.470753	0	s1	1	53.470753	26353
51.470753	0	s1	1	53.470753	26353
51.636753	0	s1	1	53.636753	26438
51.636753	0	s1	1	53.636753	26438
51.802753	0	s1	1	53.802753	26523
51.802753	0	s1	1	53.802753	26523
51.970753	0	s1	1	53.970753	26609
51.970753	0	s1	1	53.970753	26609
52.138653	0	s1	1	54.138653	26695
52.138653	0	s1	1	54.138653	26695
52.302753	0	s1	1	54.302753	26779
52.302753	0	s1	1	54.302753	26779
52.468753	0	s1	1	54.468753	26864
52.468753	0	s1	1	54.468753	26864
52.634753	0	s1	1	54.634753	26949
52.634753	0	s1	1	54.634753	26949
52.802753	0	s1	1	54.802753	27035
52.802753	0	s1	1	54.802753	27035
52.968753	0	s1	1	54.968753	27120
52.968753	0	s1	1	54.968753	27120
53.134753	0	s1	1	55.134753	27205
53.134753	0	s1	1	55.134753	27205
53.302753	0	s1	1	55.302753	27291
53.302753	0	s1	1	55.302753	27291
53.466753	0	s1	1	55.466753	27375
53.466753	0	s1	1	55.466753	27375
53.634753	0	s1	1	55.634753	27461
53.634753	0	s1	1	55.634753	27461
53.800753	0	s1	1	55.800753	27546
53.800753	0	s1	1	55.800753	27546
53.968753	0	s1	1	55.968753	27632
53.968753	0	s1	1	55.968753	27632
54.136753	0	s1	1	56.136753	27718
54.136753	0	s1	1	56.136753	27718
54.302753	0	s1	1	56.302753	27803
54.302753	0	s1	1	56.302753	27803
54.468753	0	s1	1	56.468753	27888
54.468753	0	s1	1	56.468753	27888
54.634753	0	s1	1	56.634753	27973
54.634753	0	s1	1	56.634753	27973
54.800753	0	s1	1	56.800753	28058
54.800753	0	s1	1	56.800753	28058
54.968753	0	s1	1	56.968753	28144
54.968753	0	s1	1	56.968753	28144
55.136753	0	s1	1	57.136753	28230
55.136753	0	s1	1	57.136753	28230
55.300753	0	s1	1	57.300753	28314
55.300753	0	s1	1	57.300753	28314
55.466753	0	s1	1	57.466753	28399
55.466753	0	s1	1	57.466753	28399
55.634753	0	s1	1	57.634753	28485
55.634753	0	s1	1	57.634753	28485
55.802753	0	s1	1	57.802753	28571
55.802753	0	s1	1	57.802753	28571
55.966753	0	s1	1	57.966753	28655
55.966753	0	s1	1	57.966753	28655
56.132853	0	s1	1	58.132853	28740
56.132853	0	s1	1	58.132853	28740
56.300753	0	s1	1	58.300753	28826
56.300753	0	s1	1	58.300753	28826
56.468753	0	s1	1	58.468753	28912
56.468753	0	s1	1	58.468753	28912
56.634753	0	s1	1	58.634753	28997
56.634753	0	s1	1	58.634753	28997
56.800753	0	s1	1	58.800753	29082
56.800753	0	s1	1	58.800753	29082
56.966753	0	s1	1	58.966753	29167
56.966753	0	s1	1	58.966753	29167
57.134753	0	s1	1	59.134753	29253
57.134753	0	s1	1	59.134753	29253
57.300753	0	s1	1	59.300753	29338
57.300753	0	s1	1	59.300753	29338
57.63475	0	s1	2	2.167953	29509
57.63475	0	s1	2	2.167953	29509
57.79885	0	s1	2	2.332053	29593
57.79885	0	s1	2	2.332053	29593
57.96675	0	s1	2	2.499953	29679
57.96675	0	s1	2	2.499953	29679
58.13285	0	s1	2	2.666053	29764
58.13285	0	s1	2	2.666053	29764
58.29885	0	s1	2	2.832053	29849
58.29885	0	s1	2	2.832053	29849
58.46675	0	s1	2	2.999953	29935
58.46675	0	s1	2	2.999953	29935
58.63475	0	s1	2	3.167953	30021
58.63475	0	s1	2	3.167953	30021
58.79885	0	s1	2	3.332053	30105
58.79885	0	s1	2	3.332053	30105
58.96675	0	s1	2	3.499953	30191
58.96675	0	s1	2	3.499953	30191
59.13285	0	s1	2	3.666053	30276
59.13285	0	s1	2	3.666053	30276
59.30075	0	s1	2	3.833953	30362
59.30075	0	s1	2	3.833953	30362
59.46485	0	s1	2	3.998053	30446
59.46485	0	s1	2	3.998053	30446
59.63285	0	s1	2	4.166053	30532
59.63285	0	s1	2	4.166053	30532
59.79885	0	s1	2	4.332053	30617
59.79885	0	s1	2	4.332053	30617
59.96675	0	s1	2	4.499953	30703
59.96675	0	s1	2	4.499953	30703
60.13085	0	s1	2	4.664053	30787
60.13085	0	s1	2	4.664053	30787
60.29885	0	s1	2	4.832053	30873
60.29885	0	s1	2	4.832053	30873
60.46485	0	s1	2	4.998053	30958
60.46485	0	s1	2	4.998053	30958
60.63285	0	s1	2	5.166053	31044
60.63285	0	s1	2	5.166053	31044
60.79685	0	s1	2	5.330053	31128
60.79685	0	s1	2	5.330053	31128
60.96485	0	s1	2	5.498053	31214
60.96485	0	s1	2	5.498053	31214
61.13085	0	s1	2	5.664053	31299
61.13085	0	s1	2	5.664053	31299
61.29685	0	s1	2	5.830053	31384
61.29685	0	s1	2	5.830053	31384
61.46485	0	s1	2	5.998053	31470
61.46485	0	s1	2	5.998053	31470
61.63285	0	s1	2	6.166053	31556
61.63285	0	s1	2	6.166053	31556
61.79685	0	s1	2	6.330053	31640
61.79685	0	s1	2	6.330053	31640
61.96485	0	s1	2	6.498053	31726
61.96485	0	s1	2	6.498053	31726
62.13085	0	s1	2	6.664053	31811
62.13085	0	s1	2	6.664053	31811
62.29885	0	s1	2	6.832053	31897
62.29885	0	s1	2	6.832053	31897
62.46485	0	s1	2	6.998053	31982
62.46485	0	s1	2	6.998053	31982
62.63085	0	s1	2	7.164053	32067
62.63085	0	s1	2	7.164053	32067
62.79685	0	s1	2	7.330053	32152
62.79685	0	s1	2	7.330053	32152
62.96485	0	s1	2	7.498053	32238
62.96485	0	s1	2	7.498053	32238
63.13085	0	s1	2	7.664053	32323
63.13085	0	s1	2	7.664053	32323
63.29685	0	s1	2	7.830053	32408
63.29685	0	s1	2	7.830053	32408
63.46095	0	s1	2	7.994153	32492
63.46095	0	s1	2	7.994153	32492
63.63085	0	s1	2	8.164053	32579
63.63085	0	s1	2	8.164053	32579
63.79685	0	s1	2	8.330053	32664
63.79685	0	s1	2	8.330053	32664
63.96485	0	s1	2	8.498053	32750
63.96485	0	s1	2	8.498053	32750
64.12895	0	s1	2	8.662153	32834
64.12895	0	s1	2	8.662153	32834
64.29685	0	s1	2	8.830053	32920
64.29685	0	s1	2	8.830053	32920
64.46095	0	s1	2	8.994153	33004
64.46095	0	s1	2	8.994153	33004
64.63085	0	s1	2	9.164053	33091
64.63085	0	s1	2	9.164053	33091
64.79685	0	s1	2	9.330053	33176
64.79685	0	s1	2	9.330053	33176
64.96095	0	s1	2	9.494153	33260
64.96095	0	s1	2	9.494153	33260
65.12895	0	s1	2	9.662153	33346
65.12895	0	s1	2	9.662153	33346
65.29685	0	s1	2	9.830053	33432
65.29685	0	s1	2	9.830053	33432
65.46095	0	s1	2	9.994153	33516
65.46095	0	s1	2	9.994153	33516
65.62895	0	s1	2	10.162153	33602
65.62895	0	s1	2	10.162153	33602
65.79495	0	s1	2	10.328153	33687
65.79495	0	s1	2	10.328153	33687
65.96095	0	s1	2	10.494153	33772
65.96095	0	s1	2	10.494153	33772
66.12695	0	s1	2	10.660153	33857
66.12695	0	s1	2	10.660153	33857
66.29685	0	s1	2	10.830053	33944
66.29685	0	s1	2	10.830053	33944
66.46095	0	s1	2	10.994153	34028
66.46095	0	s1	2	10.994153	34028
66.62895	0	s1	2	11.162153	34114
66.62895	0	s1	2	11.162153	34114
66.79495	0	s1	2	11.328153	34199
66.79495	0	s1	2	11.328153	34199
66.96095	0	s1	2	11.494153	34284
66.96095	0	s1	2	11.494153	34284
67.12695	0	s1	2	11.660153	34369
67.12695	0	s1	2	11.660153	34369
67.29495	0	s1	2	11.828153	34455
67.29495	0	s1	2	11.828153	34455
67.46095	0	s1	2	11.994153	34540
67.46095	0	s1	2	11.994153	34540
67.62895	0	s1	2	12.162153	34626
67.62895	0	s1	2	12.162153	34626
67.79295	0	s1	2	12.326153	34710
67.79295	0	s1	2	12.326153	34710
67.96095	0	s1	2	12.494153	34796
67.96095	0	s1	2	12.494153	34796
68.12695	0	s1	2	12.660153	34881
68.12695	0	s1	2	12.660153	34881
68.29495	0	s1	2	12.828153	34967
68.29495	0	s1	2	12.828153	34967
68.45895	0	s1	2	12.992153	35051
68.45895	0	s1	2	12.992153	35051
68.62695	0	s1	2	13.160153	35137
68.62695	0	s1	2	13.160153	35137
68.79295	0	s1	2	13.326153	35222
68.79295	0	s1	2	13.326153	35222
68.96095	0	s1	2	13.494153	35308
68.96095	0	s1	2	13.494153	35308
69.12695	0	s1	2	13.660153	35393
69.12695	0	s1	2	13.660153	35393
69.29495	0	s1	2	13.828153	35479
69.29495	0	s1	2	13.828153	35479
69.45895	0	s1	2	13.992153	35563
69.45895	0	s1	2	13.992153	35563
69.62695	0	s1	2	14.160153	35649
69.62695	0	s1	2	14.160153	35649
69.79295	0	s1	2	14.326153	35734
69.79295	0	s1	2	14.326153	35734
69.96095	0	s1	2	14.494153	35820
69.96095	0	s1	2	14.494153	35820
70.12695	0	s1	2	14.660153	35905
70.12695	0	s1	2	14.660153	35905
70.29295	0	s1	2	14.826153	35990
70.29295	0	s1	2	14.826153	35990
70.45895	0	s1	2	14.992153	36075
70.45895	0	s1	2	14.992153	36075
70.62695	0	s1	2	15.160153	36161
70.62695	0	s1	2	15.160153	36161
70.79295	0	s1	2	15.326153	36246
70.79295	0	s1	2	15.326153	36246
70.95895	0	s1	2	15.492153	36331
70.95895	0	s1	2	15.492153	36331
71.12695	0	s1	2	15.660153	36417
71.12695	0	s1	2	15.660153	36417
71.29295	0	s1	2	15.826153	36502
71.29295	0	s1	2	15.826153	36502
71.45895	0	s1	2	15.992153	36587
71.45895	0	s1	2	15.992153	36587
71.62505	0	s1	2	16.158253	36672
71.62505	0	s1	2	16.158253	36672
71.79105	0	s1	2	16.324253	36757
71.79105	0	s1	2	16.324253	36757
71.95895	0	s1	2	16.492153	36843
71.95895	0	s1	2	16.492153	36843
72.12505	0	s1	2	16.658253	36928
72.12505	0	s1	2	16.658253	36928
72.29295	0	s1	2	16.826153	37014
72.29295	0	s1	2	16.826153	37014
72.45705	0	s1	2	16.990253	37098
72.45705	0	s1	2	16.990253	37098
72.62505	0	s1	2	17.158253	37184
72.62505	0	s1	2	17.158253	37184
72.79105	0	s1	2	17.324253	37269
72.79105	0	s1	2	17.324253	37269
72.95895	0	s1	2	17.492153	37355
72.95895	0	s1	2	17.492153	37355
73.12505	0	s1	2	17.658253	37440
73.12505	0	s1	2	17.658253	37440
73.29295	0	s1	2	17.826153	37526
73.29295	0	s1	2	17.826153	37526
73.45705	0	s1	2	17.990253	37610
73.45705	0	s1	2	17.990253	37610
73.62505	0	s1	2	18.158253	37696
73.62505	0	s1	2	18.158253	37696
73.79105	0	s1	2	18.324253	37781
73.79105	0	s1	2	18.324253	37781
73.95895	0	s1	2	18.492153	37867
73.95895	0	s1	2	18.492153	37867
74.12305	0	s1	2	18.656253	37951
74.12305	0	s1	2	18.656253	37951
74.29105	0	s1	2	18.824253	38037
74.29105	0	s1	2	18.824253	38037
74.45705	0	s1	2	18.990253	38122
74.45705	0	s1	2	18.990253	38122
74.62505	0	s1	2	19.158253	38208
74.62505	0	s1	2	19.158253	38208
74.79105	0	s1	2	19.324253	38293
74.79105	0	s1	2	19.324253	38293
74.95895	0	s1	2	19.492153	38379
74.95895	0	s1	2	19.492153	38379
75.12305	0	s1	2	19.656253	38463
75.12305	0	s1	2	19.656253	38463
75.29105	0	s1	2	19.824253	38549
75.29105	0	s1	2	19.824253	38549
75.45705	0	s1	2	19.990253	38634
75.45705	0	s1	2	19.990253	38634
75.62305	0	s1	2	20.156253	38719
75.62305	0	s1	2	20.156253	38719
75.78905	0	s1	2	20.322253	38804
75.78905	0	s1	2	20.322253	38804
75.95705	0	s1	2	20.490253	38890
75.95705	0	s1	2	20.490253	38890
76.12305	0	s1	2	20.656253	38975
76.12305	0	s1	2	20.656253	38975
76.28905	0	s1	2	20.822253	39060
76.28905	0	s1	2	20.822253	39060
76.45505	0	s1	2	20.988253	39145
76.45505	0	s1	2	20.988253	39145
76.62305	0	s1	2	21.156253	39231
76.62305	0	s1	2	21.156253	39231
76.78905	0	s1	2	21.322253	39316
76.78905	0	s1	2	21.322253	39316
76.95705	0	s1	2	21.490253	39402
76.95705	0	s1	2	21.490253	39402
77.12105	0	s1	2	21.654253	39486
77.12105	0	s1	2	21.654253	39486
77.28905	0	s1	2	21.822253	39572
77.28905	0	s1	2	21.822253	39572
77.45505	0	s1	2	21.988253	39657
77.45505	0	s1	2	21.988253	39657
77.62305	0	s1	2	22.156253	39743
77.62305	0	s1	2	22.156253	39743
77.78905	0	s1	2	22.322253	39828
77.78905	0	s1	2	22.322253	39828
77.95505	0	s1	2	22.488253	39913
77.95505	0	s1	2	22.488253	39913
78.12105	0	s1	2	22.654253	39998
78.12105	0	s1	2	22.654253	39998
78.28905	0	s1	2	22.822253	40084
78.28905	0	s1	2	22.822253	40084
78.45505	0	s1	2	22.988253	40169
78.45505	0	s1	2	22.988253	40169
78.62105	0	s1	2	23.154253	40254
78.62105	0	s1	2	23.154253	40254
78.78715	0	s1	2	23.320353	40339
78.78715	0	s1	2	23.320353	40339
78.95505	0	s1	2	23.488253	40425
78.95505	0	s1	2	23.488253	40425
79.12105	0	s1	2	23.654253	40510
79.12105	0	s1	2	23.654253	40510
79.28905	0	s1	2	23.822253	40596
79.28905	0	s1	2	23.822253	40596
79.45315	0	s1	2	23.986353	40680
79.45315	0	s1	2	23.986353	40680
79.62105	0	s1	2	24.154253	40766
79.62105	0	s1	2	24.154253	40766
79.78715	0	s1	2	24.320353	40851
79.78715	0	s1	2	24.320353	40851
79.95505	0	s1	2	24.488253	40937
79.95505	0	s1	2	24.488253	40937
80.11715	0	s1	2	24.650353	41020
80.11715	0	s1	2	24.650353	41020
80.28715	0	s1	2	24.820353	41107
80.28715	0	s1	2	24.820353	41107
80.45315	0	s1	2	24.986353	41192
80.45315	0	s1	2	24.986353	41192
80.62105	0	s1	2	25.154253	41278
80.62105	0	s1	2	25.154253	41278
80.78715	0	s1	2	25.320353	41363
80.78715	0	s1	2	25.320353	41363
80.95315	0	s1	2	25.486353	41448
80.95315	0	s1	2	25.486353	41448
81.11715	0	s1	2	25.650353	41532
81.11715	0	s1	2	25.650353	41532
81.28715	0	s1	2	25.820353	41619
81.28715	0	s1	2	25.820353	41619
81.45315	0	s1	2	25.986353	41704
81.45315	0	s1	2	25.986353	41704
81.62105	0	s1	2	26.154253	41790
81.62105	0	s1	2	26.154253	41790
81.78515	0	s1	2	26.318353	41874
81.78515	0	s1	2	26.318353	41874
81.95315	0	s1	2	26.486353	41960
81.95315	0	s1	2	26.486353	41960
82.11715	0	s1	2	26.650353	42044
82.11715	0	s1	2	26.650353	42044
82.28715	0	s1	2	26.820353	42131
82.28715	0	s1	2	26.820353	42131
82.45315	0	s1	2	26.986353	42216
82.45315	0	s1	2	26.986353	42216
82.61715	0	s1	2	27.150353	42300
82.61715	0	s1	2	27.150353	42300
82.78515	0	s1	2	27.318353	42386
82.78515	0	s1	2	27.318353	42386
82.95315	0	s1	2	27.486353	42472
82.95315	0	s1	2	27.486353	42472
83.11715	0	s1	2	27.650353	42556
83.11715	0	s1	2	27.650353	42556
83.28515	0	s1	2	27.818353	42642
83.28515	0	s1	2	27.818353	42642
83.45115	0	s1	2	27.984353	42727
83.45115	0	s1	2	27.984353	42727
83.61715	0	s1	2	28.150353	42812
83.61715	0	s1	2	28.150353	42812
83.78515	0	s1	2	28.318353	42898
83.78515	0	s1	2	28.318353	42898
83.95115	0	s1	2	28.484353	42983
83.95115	0	s1	2	28.484353	42983
84.11715	0	s1	2	28.650353	43068
84.11715	0	s1	2	28.650353	43068
84.28515	0	s1	2	28.818353	43154
84.28515	0	s1	2	28.818353	43154
84.45115	0	s1	2	28.984353	43239
84.45115	0	s1	2	28.984353	43239
84.61715	0	s1	2	29.150353	43324
84.61715	0	s1	2	29.150353	43324
84.78325	0	s1	2	29.316453	43409
84.78325	0	s1	2	29.316453	43409
84.95115	0	s1	2	29.484353	43495
84.95115	0	s1	2	29.484353	43495
85.11715	0	s1	2	29.650353	43580
85.11715	0	s1	2	29.650353	43580
85.28515	0	s1	2	29.818353	43666
85.28515	0	s1	2	29.818353	43666
85.44925	0	s1	2	29.982453	43750
85.44925	0	s1	2	29.982453	43750
85.61715	0	s1	2	30.150353	43836
85.61715	0	s1	2	30.150353	43836
85.78325	0	s1	2	30.316453	43921
85.78325	0	s1	2	30.316453	43921
85.95115	0	s1	2	30.484353	44007
85.95115	0	s1	2	30.484353	44007
86.11715	0	s1	2	30.650353	44092
86.11715	0	s1	2	30.650353	44092
86.28515	0	s1	2	30.818353	44178
86.28515	0	s1	2	30.818353	44178
86.44925	0	s1	2	30.982453	44262
86.44925	0	s1	2	30.982453	44262
86.61715	0	s1	2	31.150353	44348
86.61715	0	s1	2	31.150353	44348
86.78325	0	s1	2	31.316453	44433
86.78325	0	s1	2	31.316453	44433
86.95115	0	s1	2	31.484353	44519
86.95115	0	s1	2	31.484353	44519
87.11525	0	s1	2	31.648453	44603
87.11525	0	s1	2	31.648453	44603
87.28325	0	s1	2	31.816453	44689
87.28325	0	s1	2	31.816453	44689
87.44925	0	s1	2	31.982453	44774
87.44925	0	s1	2	31.982453	44774
87.61715	0	s1	2	32.150353	44860
87.61715	0	s1	2	32.150353	44860
87.78325	0	s1	2	32.316453	44945
87.78325	0	s1	2	32.316453	44945
87.94925	0	s1	2	32.482453	45030
87.94925	0	s1	2	32.482453	45030
88.11715	0	s1	2	32.650353	45116
88.11715	0	s1	2	32.650353	45116
88.28325	0	s1	2	32.816453	45201
88.28325	0	s1	2	32.816453	45201
88.44925	0	s1	2	32.982453	45286
88.44925	0	s1	2	32.982453	45286
88.61525	0	s1	2	33.148453	45371
88.61525	0	s1	2	33.148453	45371
88.78125	0	s1	2	33.314453	45456
88.78125	0	s1	2	33.314453	45456
88.94925	0	s1	2	33.482453	45542
88.94925	0	s1	2	33.482453	45542
89.11525	0	s1	2	33.648453	45627
89.11525	0	s1	2	33.648453	45627
89.28125	0	s1	2	33.814453	45712
89.28125	0	s1	2	33.814453	45712
89.44725	0	s1	2	33.980453	45797
89.44725	0	s1	2	33.980453	45797
89.61525	0	s1	2	34.148453	45883
89.61525	0	s1	2	34.148453	45883
89.78125	0	s1	2	34.314453	45968
89.78125	0	s1	2	34.314453	45968
89.94925	0	s1	2	34.482453	46054
89.94925	0	s1	2	34.482453	46054
90.11525	0	s1	2	34.648453	46139
90.11525	0	s1	2	34.648453	46139
90.28125	0	s1	2	34.814453	46224
90.28125	0	s1	2	34.814453	46224
90.44725	0	s1	2	34.980453	46309
90.44725	0	s1	2	34.980453	46309
90.61325	0	s1	2	35.146453	46394
90.61325	0	s1	2	35.146453	46394
90.78125	0	s1	2	35.314453	46480
90.78125	0	s1	2	35.314453	46480
90.94925	0	s1	2	35.482453	46566
90.94925	0	s1	2	35.482453	46566
91.11525	0	s1	2	35.648453	46651
91.11525	0	s1	2	35.648453	46651
91.28125	0	s1	2	35.814453	46736
91.28125	0	s1	2	35.814453	46736
91.44725	0	s1	2	35.980453	46821
91.44725	0	s1	2	35.980453	46821
91.61525	0	s1	2	36.148453	46907
91.61525	0	s1	2	36.148453	46907
91.78125	0	s1	2	36.314453	46992
91.78125	0	s1	2	36.314453	46992
91.94725	0	s1	2	36.480453	47077
91.94725	0	s1	2	36.480453	47077
92.11325	0	s1	2	36.646453	47162
92.11325	0	s1	2	36.646453	47162
92.28125	0	s1	2	36.814453	47248
92.28125	0	s1	2	36.814453	47248
92.44725	0	s1	2	36.980453	47333
92.44725	0	s1	2	36.980453	47333
92.61325	0	s1	2	37.146453	47418
92.61325	0	s1	2	37.146453	47418
92.77925	0	s1	2	37.312453	47503
92.77925	0	s1	2	37.312453	47503
92.94725	0	s1	2	37.480453	47589
92.94725	0	s1	2	37.480453	47589
93.11325	0	s1	2	37.646453	47674
93.11325	0	s1	2	37.646453	47674
93.27925	0	s1	2	37.812453	47759
93.27925	0	s1	2	37.812453	47759
93.44535	0	s1	2	37.978553	47844
93.44535	0	s1	2	37.978553	47844
93.61325	0	s1	2	38.146453	47930
93.61325	0	s1	2	38.146453	47930
93.77925	0	s1	2	38.312453	48015
93.77925	0	s1	2	38.312453	48015
93.94725	0	s1	2	38.480453	48101
93.94725	0	s1	2	38.480453	48101
94.11325	0	s1	2	38.646453	48186
94.11325	0	s1	2	38.646453	48186
94.27925	0	s1	2	38.812453	48271
94.27925	0	s1	2	38.812453	48271
94.44535	0	s1	2	38.978553	48356
94.44535	0	s1	2	38.978553	48356
94.61325	0	s1	2	39.146453	48442
94.61325	0	s1	2	39.146453	48442
94.77925	0	s1	2	39.312453	48527
94.77925	0	s1	2	39.312453	48527
94.94535	0	s1	2	39.478553	48612
94.94535	0	s1	2	39.478553	48612
95.11135	0	s1	2	39.644553	48697
95.11135	0	s1	2	39.644553	48697
95.27925	0	s1	2	39.812453	48783
95.27925	0	s1	2	39.812453	48783
95.44335	0	s1	2	39.976553	48867
95.44335	0	s1	2	39.976553	48867
95.61325	0	s1	2	40.146453	48954
95.61325	0	s1	2	40.146453	48954
95.77735	0	s1	2	40.310553	49038
95.77735	0	s1	2	40.310553	49038
95.94535	0	s1	2	40.478553	49124
95.94535	0	s1	2	40.478553	49124
96.11135	0	s1	2	40.644553	49209
96.11135	0	s1	2	40.644553	49209
96.27925	0	s1	2	40.812453	49295
96.27925	0	s1	2	40.812453	49295
96.44535	0	s1	2	40.978553	49380
96.44535	0	s1	2	40.978553	49380
96.61135	0	s1	2	41.144553	49465
96.61135	0	s1	2	41.144553	49465
96.77735	0	s1	2	41.310553	49550
96.77735	0	s1	2	41.310553	49550
96.94535	0	s1	2	41.478553	49636
96.94535	0	s1	2	41.478553	49636
97.11135	0	s1	2	41.644553	49721
97.11135	0	s1	2	41.644553	49721
97.27735	0	s1	2	41.810553	49806
97.27735	0	s1	2	41.810553	49806
97.44335	0	s1	2	41.976553	49891
97.44335	0	s1	2	41.976553	49891
97.61135	0	s1	2	42.144553	49977
97.61135	0	s1	2	42.144553	49977
97.77925	0	s1	2	42.312453	50063
97.77925	0	s1	2	42.312453	50063
97.94535	0	s1	2	42.478553	50148
97.94535	0	s1	2	42.478553	50148
98.11135	0	s1	2	42.644553	50233
98.11135	0	s1	2	42.644553	50233
98.27735	0	s1	2	42.810553	50318
98.27735	0	s1	2	42.810553	50318
98.44335	0	s1	2	42.976553	50403
98.44335	0	s1	2	42.976553	50403
98.61135	0	s1	2	43.144553	50489
98.61135	0	s1	2	43.144553	50489
98.77345	0	s1	2	43.306653	50572
98.77345	0	s1	2	43.306653	50572
98.94335	0	s1	2	43.476553	50659
98.94335	0	s1	2	43.476553	50659
99.11135	0	s1	2	43.644553	50745
99.11135	0	s1	2	43.644553	50745
99.27735	0	s1	2	43.810553	50830
99.27735	0	s1	2	43.810553	50830
99.44535	0	s1	2	43.978553	50916
99.44535	0	s1	2	43.978553	50916
99.60935	0	s1	2	44.142553	51000
99.60935	0	s1	2	44.142553	51000
99.77345	0	s1	2	44.306653	51084
99.77345	0	s1	2	44.306653	51084
99.94335	0	s1	2	44.476553	51171
99.94335	0	s1	2	44.476553	51171
100.10935	0	s1	2	44.642553	51256
100.10935	0	s1	2	44.642553	51256
100.27345	0	s1	2	44.806653	51340
100.27345	0	s1	2	44.806653	51340
100.44145	0	s1	2	44.974653	51426
100.44145	0	s1	2	44.974653	51426
100.60935	0	s1	2	45.142553	51512
100.60935	0	s1	2	45.142553	51512
100.77345	0	s1	2	45.306653	51596
100.77345	0	s1	2	45.306653	51596
100.94335	0	s1	2	45.476553	51683
100.94335	0	s1	2	45.476553	51683
101.10935	0	s1	2	45.642553	51768
101.10935	0	s1	2	45.642553	51768
101.27345	0	s1	2	45.806653	51852
101.27345	0	s1	2	45.806653	51852
101.44145	0	s1	2	45.974653	51938
101.44145	0	s1	2	45.974653	51938
101.60745	0	s1	2	46.140653	52023
101.60745	0	s1	2	46.140653	52023
101.77345	0	s1	2	46.306653	52108
101.77345	0	s1	2	46.306653	52108
101.94145	0	s1	2	46.474653	52194
101.94145	0	s1	2	46.474653	52194
102.10745	0	s1	2	46.640653	52279
102.10745	0	s1	2	46.640653	52279
102.27345	0	s1	2	46.806653	52364
102.27345	0	s1	2	46.806653	52364
102.44335	0	s1	2	46.976553	52451
102.44335	0	s1	2	46.976553	52451
102.60745	0	s1	2	47.140653	52535
102.60745	0	s1	2	47.140653	52535
102.77345	0	s1	2	47.306653	52620
102.77345	0	s1	2	47.306653	52620
102.94145	0	s1	2	47.474653	52706
102.94145	0	s1	2	47.474653	52706
103.10935	0	s1	2	47.642553	52792
103.10935	0	s1	2	47.642553	52792
103.27345	0	s1	2	47.806653	52876
103.27345	0	s1	2	47.806653	52876
103.44145	0	s1	2	47.974653	52962
103.44145	0	s1	2	47.974653	52962
103.60745	0	s1	2	48.140653	53047
103.60745	0	s1	2	48.140653	53047
103.77345	0	s1	2	48.306653	53132
103.77345	0	s1	2	48.306653	53132
103.94145	0	s1	2	48.474653	53218
103.94145	0	s1	2	48.474653	53218
104.10935	0	s1	2	48.642553	53304
104.10935	0	s1	2	48.642553	53304
104.27345	0	s1	2	48.806653	53388
104.27345	0	s1	2	48.806653	53388
104.44145	0	s1	2	48.974653	53474
104.44145	0	s1	2	48.974653	53474
104.60745	0	s1	2	49.140653	53559
104.60745	0	s1	2	49.140653	53559
104.77345	0	s1	2	49.306653	53644
104.77345	0	s1	2	49.306653	53644
104.93945	0	s1	2	49.472653	53729
104.93945	0	s1	2	49.472653	53729
105.10745	0	s1	2	49.640653	53815
105.10745	0	s1	2	49.640653	53815
105.27345	0	s1	2	49.806653	53900
105.27345	0	s1	2	49.806653	53900
105.44145	0	s1	2	49.974653	53986
105.44145	0	s1	2	49.974653	53986
105.60745	0	s1	2	50.140653	54071
105.60745	0	s1	2	50.140653	54071
105.77145	0	s1	2	50.304653	54155
105.77145	0	s1	2	50.304653	54155
105.93945	0	s1	2	50.472653	54241
105.93945	0	s1	2	50.472653	54241
106.10355	0	s1	2	50.636753	54325
106.10355	0	s1	2	50.636753	54325
106.27345	0	s1	2	50.806653	54412
106.27345	0	s1	2	50.806653	54412
106.43945	0	s1	2	50.972653	54497
106.43945	0	s1	2	50.972653	54497
106.60545	0	s1	2	51.138653	54582
106.60545	0	s1	2	51.138653	54582
106.77145	0	s1	2	51.304653	54667
106.77145	0	s1	2	51.304653	54667
106.93945	0	s1	2	51.472653	54753
106.93945	0	s1	2	51.472653	54753
107.10745	0	s1	2	51.640653	54839
107.10745	0	s1	2	51.640653	54839
107.27345	0	s1	2	51.806653	54924
107.27345	0	s1	2	51.806653	54924
107.43945	0	s1	2	51.972653	55009
107.43945	0	s1	2	51.972653	55009
107.60545	0	s1	2	52.138653	55094
107.60545	0	s1	2	52.138653	55094
107.77145	0	s1	2	52.304653	55179
107.77145	0	s1	2	52.304653	55179
107.93755	0	s1	2	52.470753	55264
107.93755	0	s1	2	52.470753	55264
108.10545	0	s1	2	52.638653	55350
108.10545	0	s1	2	52.638653	55350
108.27145	0	s1	2	52.804653	55435
108.27145	0	s1	2	52.804653	55435
108.43945	0	s1	2	52.972653	55521
108.43945	0	s1	2	52.972653	55521
108.60355	0	s1	2	53.136753	55605
108.60355	0	s1	2	53.136753	55605
108.77345	0	s1	2	53.306653	55692
108.77345	0	s1	2	53.306653	55692
108.93755	0	s1	2	53.470753	55776
108.93755	0	s1	2	53.470753	55776
109.10545	0	s1	2	53.638653	55862
109.10545	0	s1	2	53.638653	55862
109.27145	0	s1	2	53.804653	55947
109.27145	0	s1	2	53.804653	55947
109.43945	0	s1	2	53.972653	56033
109.43945	0	s1	2	53.972653	56033
109.60355	0	s1	2	54.136753	56117
109.60355	0	s1	2	54.136753	56117
109.77145	0	s1	2	54.304653	56203
109.77145	0	s1	2	54.304653	56203
109.93755	0	s1	2	54.470753	56288
109.93755	0	s1	2	54.470753	56288
110.10545	0	s1	2	54.638653	56374
110.10545	0	s1	2	54.638653	56374
110.27145	0	s1	2	54.804653	56459
110.27145	0	s1	2	54.804653	56459
110.43755	0	s1	2	54.970753	56544
110.43755	0	s1	2	54.970753	56544
110.60355	0	s1	2	55.136753	56629
110.60355	0	s1	2	55.136753	56629
110.77145	0	s1	2	55.304653	56715
110.77145	0	s1	2	55.304653	56715
110.93755	0	s1	2	55.470753	56800
110.93755	0	s1	2	55.470753	56800
111.10355	0	s1	2	55.636753	56885
111.10355	0	s1	2	55.636753	56885
111.26955	0	s1	2	55.802753	56970
111.26955	0	s1	2	55.802753	56970
111.43555	0	s1	2	55.968753	57055
111.43555	0	s1	2	55.968753	57055
111.60155	0	s1	2	56.134753	57140
111.60155	0	s1	2	56.134753	57140
111.76755	0	s1	2	56.300753	57225
111.76755	0	s1	2	56.300753	57225
111.93555	0	s1	2	56.468753	57311
111.93555	0	s1	2	56.468753	57311
112.10155	0	s1	2	56.634753	57396
112.10155	0	s1	2	56.634753	57396
112.26955	0	s1	2	56.802753	57482
112.26955	0	s1	2	56.802753	57482
112.43755	0	s1	2	56.970753	57568
112.43755	0	s1	2	56.970753	57568
112.60355	0	s1	2	57.136753	57653
112.60355	0	s1	2	57.136753	57653
112.76955	0	s1	2	57.302753	57738
112.76955	0	s1	2	57.302753	57738
112.93555	0	s1	2	57.468753	57823
112.93555	0	s1	2	57.468753	57823
113.10355	0	s1	2	57.636753	57909
113.10355	0	s1	2	57.636753	57909
113.26955	0	s1	2	57.802753	57994
113.26955	0	s1	2	57.802753	57994
113.43555	0	s1	2	57.968753	58079
113.43555	0	s1	2	57.968753	58079
113.60155	0	s1	2	58.134753	58164
113.60155	0	s1	2	58.134753	58164
113.76755	0	s1	2	58.300753	58249
113.76755	0	s1	2	58.300753	58249
113.93355	0	s1	2	58.466753	58334
113.93355	0	s1	2	58.466753	58334
114.10155	0	s1	2	58.634753	58420
114.10155	0	s1	2	58.634753	58420
114.26755	0	s1	2	58.800753	58505
114.26755	0	s1	2	58.800753	58505
114.43555	0	s1	2	58.968753	58591
114.43555	0	s1	2	58.968753	58591
114.60155	0	s1	2	59.134753	58676
114.60155	0	s1	2	59.134753	58676
114.76955	0	s1	2	59.302753	58762
114.76955	0	s1	2	59.302753	58762
115.097647	0	s1	3	2.164053	58930
115.097647	0	s1	3	2.164053	58930
115.265647	0	s1	3	2.332053	59016
115.265647	0	s1	3	2.332053	59016
115.431647	0	s1	3	2.498053	59101
115.431647	0	s1	3	2.498053	59101
115.597647	0	s1	3	2.664053	59186
115.597647	0	s1	3	2.664053	59186
115.765647	0	s1	3	2.832053	59272
115.765647	0	s1	3	2.832053	59272
115.933547	0	s1	3	2.999953	59358
115.933547	0	s1	3	2.999953	59358
116.097647	0	s1	3	3.164053	59442
116.097647	0	s1	3	3.164053	59442
116.263647	0	s1	3	3.330053	59527
116.263647	0	s1	3	3.330053	59527
116.431647	0	s1	3	3.498053	59613
116.431647	0	s1	3	3.498053	59613
116.597647	0	s1	3	3.664053	59698
116.597647	0	s1	3	3.664053	59698
116.765647	0	s1	3	3.832053	59784
116.765647	0	s1	3	3.832053	59784
116.929647	0	s1	3	3.996053	59868
116.929647	0	s1	3	3.996053	59868
117.097647	0	s1	3	4.164053	59954
117.097647	0	s1	3	4.164053	59954
117.263647	0	s1	3	4.330053	60039
117.263647	0	s1	3	4.330053	60039
117.431647	0	s1	3	4.498053	60125
117.431647	0	s1	3	4.498053	60125
117.597647	0	s1	3	4.664053	60210
117.597647	0	s1	3	4.664053	60210
117.763647	0	s1	3	4.830053	60295
117.763647	0	s1	3	4.830053	60295
117.929647	0	s1	3	4.996053	60380
117.929647	0	s1	3	4.996053	60380
118.097647	0	s1	3	5.164053	60466
118.097647	0	s1	3	5.164053	60466
118.263647	0	s1	3	5.330053	60551
118.263647	0	s1	3	5.330053	60551
118.429647	0	s1	3	5.496053	60636
118.429647	0	s1	3	5.496053	60636
118.595747	0	s1	3	5.662153	60721
118.595747	0	s1	3	5.662153	60721
118.763647	0	s1	3	5.830053	60807
118.763647	0	s1	3	5.830053	60807
118.929647	0	s1	3	5.996053	60892
118.929647	0	s1	3	5.996053	60892
119.095747	0	s1	3	6.162153	60977
119.095747	0	s1	3	6.162153	60977
119.261747	0	s1	3	6.328153	61062
119.261747	0	s1	3	6.328153	61062
119.429647	0	s1	3	6.496053	61148
119.429647	0	s1	3	6.496053	61148
119.595747	0	s1	3	6.662153	61233
119.595747	0	s1	3	6.662153	61233
119.763647	0	s1	3	6.830053	61319
119.763647	0	s1	3	6.830053	61319
119.929647	0	s1	3	6.996053	61404
119.929647	0	s1	3	6.996053	61404
120.095747	0	s1	3	7.162153	61489
120.095747	0	s1	3	7.162153	61489
120.261747	0	s1	3	7.328153	61574
120.261747	0	s1	3	7.328153	61574
120.429647	0	s1	3	7.496053	61660
120.429647	0	s1	3	7.496053	61660
120.595747	0	s1	3	7.662153	61745
120.595747	0	s1	3	7.662153	61745
120.763647	0	s1	3	7.830053	61831
120.763647	0	s1	3	7.830053	61831
120.929647	0	s1	3	7.996053	61916
120.929647	0	s1	3	7.996053	61916
121.095747	0	s1	3	8.162153	62001
121.095747	0	s1	3	8.162153	62001
121.261747	0	s1	3	8.328153	62086
121.261747	0	s1	3	8.328153	62086
121.427747	0	s1	3	8.494153	62171
121.427747	0	s1	3	8.494153	62171
121.595747	0	s1	3	8.662153	62257
121.595747	0	s1	3	8.662153	62257
121.761747	0	s1	3	8.828153	62342
121.761747	0	s1	3	8.828153	62342
121.927747	0	s1	3	8.994153	62427
121.927747	0	s1	3	8.994153	62427
122.095747	0	s1	3	9.162153	62513
122.095747	0	s1	3	9.162153	62513
122.261747	0	s1	3	9.328153	62598
122.261747	0	s1	3	9.328153	62598
122.427747	0	s1	3	9.494153	62683
122.427747	0	s1	3	9.494153	62683
122.593747	0	s1	3	9.660153	62768
122.593747	0	s1	3	9.660153	62768
122.761747	0	s1	3	9.828153	62854
122.761747	0	s1	3	9.828153	62854
122.925747	0	s1	3	9.992153	62938
122.925747	0	s1	3	9.992153	62938
123.093747	0	s1	3	10.160153	63024
123.093747	0	s1	3	10.160153	63024
123.259747	0	s1	3	10.326153	63109
123.259747	0	s1	3	10.326153	63109
123.427747	0	s1	3	10.494153	63195
123.427747	0	s1	3	10.494153	63195
123.593747	0	s1	3	10.660153	63280
123.593747	0	s1	3	10.660153	63280
123.759747	0	s1	3	10.826153	63365
123.759747	0	s1	3	10.826153	63365
123.925747	0	s1	3	10.992153	63450
123.925747	0	s1	3	10.992153	63450
124.093747	0	s1	3	11.160153	63536
124.093747	0	s1	3	11.160153	63536
124.259747	0	s1	3	11.326153	63621
124.259747	0	s1	3	11.326153	63621
124.427747	0	s1	3	11.494153	63707
124.427747	0	s1	3	11.494153	63707
124.591847	0	s1	3	11.658253	63791
124.591847	0	s1	3	11.658253	63791
124.759747	0	s1	3	11.826153	63877
124.759747	0	s1	3	11.826153	63877
124.925747	0	s1	3	11.992153	63962
124.925747	0	s1	3	11.992153	63962
125.093747	0	s1	3	12.160153	64048
125.093747	0	s1	3	12.160153	64048
125.259747	0	s1	3	12.326153	64133
125.259747	0	s1	3	12.326153	64133
125.425747	0	s1	3	12.492153	64218
125.425747	0	s1	3	12.492153	64218
125.593747	0	s1	3	12.660153	64304
125.593747	0	s1	3	12.660153	64304
125.759747	0	s1	3	12.826153	64389
125.759747	0	s1	3	12.826153	64389
125.925747	0	s1	3	12.992153	64474
125.925747	0	s1	3	12.992153	64474
126.091847	0	s1	3	13.158253	64559
126.091847	0	s1	3	13.158253	64559
126.257847	0	s1	3	13.324253	64644
126.257847	0	s1	3	13.324253	64644
126.425747	0	s1	3	13.492153	64730
126.425747	0	s1	3	13.492153	64730
126.591847	0	s1	3	13.658253	64815
126.591847	0	s1	3	13.658253	64815
126.759747	0	s1	3	13.826153	64901
126.759747	0	s1	3	13.826153	64901
126.923847	0	s1	3	13.990253	64985
126.923847	0	s1	3	13.990253	64985
127.089847	0	s1	3	14.156253	65070
127.089847	0	s1	3	14.156253	65070
127.257847	0	s1	3	14.324253	65156
127.257847	0	s1	3	14.324253	65156
127.425747	0	s1	3	14.492153	65242
127.425747	0	s1	3	14.492153	65242
127.591847	0	s1	3	14.658253	65327
127.591847	0	s1	3	14.658253	65327
127.759747	0	s1	3	14.826153	65413
127.759747	0	s1	3	14.826153	65413
127.923847	0	s1	3	14.990253	65497
127.923847	0	s1	3	14.990253	65497
128.091847	0	s1	3	15.158253	65583
128.091847	0	s1	3	15.158253	65583
128.257847	0	s1	3	15.324253	65668
128.257847	0	s1	3	15.324253	65668
128.423847	0	s1	3	15.490253	65753
128.423847	0	s1	3	15.490253	65753
128.589847	0	s1	3	15.656253	65838
128.589847	0	s1	3	15.656253	65838
128.757847	0	s1	3	15.824253	65924
128.757847	0	s1	3	15.824253	65924
128.923847	0	s1	3	15.990253	66009
128.923847	0	s1	3	15.990253	66009
129.089847	0	s1	3	16.156253	66094
129.089847	0	s1	3	16.156253	66094
129.257847	0	s1	3	16.324253	66180
129.257847	0	s1	3	16.324253	66180
129.423847	0	s1	3	16.490253	66265
129.423847	0	s1	3	16.490253	66265
129.589847	0	s1	3	16.656253	66350
129.589847	0	s1	3	16.656253	66350
129.757847	0	s1	3	16.824253	66436
129.757847	0	s1	3	16.824253	66436
129.923847	0	s1	3	16.990253	66521
129.923847	0	s1	3	16.990253	66521
130.091847	0	s1	3	17.158253	66607
130.091847	0	s1	3	17.158253	66607
130.253947	0	s1	3	17.320353	66690
130.253947	0	s1	3	17.320353	66690
130.421847	0	s1	3	17.488253	66776
130.421847	0	s1	3	17.488253	66776
130.589847	0	s1	3	17.656253	66862
130.589847	0	s1	3	17.656253	66862
130.757847	0	s1	3	17.824253	66948
130.757847	0	s1	3	17.824253	66948
130.921847	0	s1	3	17.988253	67032
130.921847	0	s1	3	17.988253	67032
131.087847	0	s1	3	18.154253	67117
131.087847	0	s1	3	18.154253	67117
131.253947	0	s1	3	18.320353	67202
131.253947	0	s1	3	18.320353	67202
131.423847	0	s1	3	18.490253	67289
131.423847	0	s1	3	18.490253	67289
131.589847	0	s1	3	18.656253	67374
131.589847	0	s1	3	18.656253	67374
131.753947	0	s1	3	18.820353	67458
131.753947	0	s1	3	18.820353	67458
131.921847	0	s1	3	18.988253	67544
131.921847	0	s1	3	18.988253	67544
132.089847	0	s1	3	19.156253	67630
132.089847	0	s1	3	19.156253	67630
132.253947	0	s1	3	19.320353	67714
132.253947	0	s1	3	19.320353	67714
132.423847	0	s1	3	19.490253	67801
132.423847	0	s1	3	19.490253	67801
132.587847	0	s1	3	19.654253	67885
132.587847	0	s1	3	19.654253	67885
132.753947	0	s1	3	19.820353	67970
132.753947	0	s1	3	19.820353	67970
132.921847	0	s1	3	19.988253	68056
132.921847	0	s1	3	19.988253	68056
133.089847	0	s1	3	20.156253	68142
133.089847	0	s1	3	20.156253	68142
133.253947	0	s1	3	20.320353	68226
133.253947	0	s1	3	20.320353	68226
133.421847	0	s1	3	20.488253	68312
133.421847	0	s1	3	20.488253	68312
133.587847	0	s1	3	20.654253	68397
133.587847	0	s1	3	20.654253	68397
133.753947	0	s1	3	20.820353	68482
133.753947	0	s1	3	20.820353	68482
133.921847	0	s1	3	20.988253	68568
133.921847	0	s1	3	20.988253	68568
134.085947	0	s1	3	21.152353	68652
134.085947	0	s1	3	21.152353	68652
134.253947	0	s1	3	21.320353	68738
134.253947	0	s1	3	21.320353	68738
134.419947	0	s1	3	21.486353	68823
134.419947	0	s1	3	21.486353	68823
134.587847	0	s1	3	21.654253	68909
134.587847	0	s1	3	21.654253	68909
134.753947	0	s1	3	21.820353	68994
134.753947	0	s1	3	21.820353	68994
134.919947	0	s1	3	21.986353	69079
134.919947	0	s1	3	21.986353	69079
135.085947	0	s1	3	22.152353	69164
135.085947	0	s1	3	22.152353	69164
135.253947	0	s1	3	22.320353	69250
135.253947	0	s1	3	22.320353	69250
135.417947	0	s1	3	22.484353	69334
135.417947	0	s1	3	22.484353	69334
135.587847	0	s1	3	22.654253	69421
135.587847	0	s1	3	22.654253	69421
135.753947	0	s1	3	22.820353	69506
135.753947	0	s1	3	22.820353	69506
135.919947	0	s1	3	22.986353	69591
135.919947	0	s1	3	22.986353	69591
136.085947	0	s1	3	23.152353	69676
136.085947	0	s1	3	23.152353	69676
136.253947	0	s1	3	23.320353	69762
136.253947	0	s1	3	23.320353	69762
136.419947	0	s1	3	23.486353	69847
136.419947	0	s1	3	23.486353	69847
136.585947	0	s1	3	23.652353	69932
136.585947	0	s1	3	23.652353	69932
136.753947	0	s1	3	23.820353	70018
136.753947	0	s1	3	23.820353	70018
136.919947	0	s1	3	23.986353	70103
136.919947	0	s1	3	23.986353	70103
137.085947	0	s1	3	24.152353	70188
137.085947	0	s1	3	24.152353	70188
137.251947	0	s1	3	24.318353	70273
137.251947	0	s1	3	24.318353	70273
137.417947	0	s1	3	24.484353	70358
137.417947	0	s1	3	24.484353	70358
137.585947	0	s1	3	24.652353	70444
137.585947	0	s1	3	24.652353	70444
137.751947	0	s1	3	24.818353	70529
137.751947	0	s1	3	24.818353	70529
137.917947	0	s1	3	24.984353	70614
137.917947	0	s1	3	24.984353	70614
138.085947	0	s1	3	25.152353	70700
138.085947	0	s1	3	25.152353	70700
138.251947	0	s1	3	25.318353	70785
138.251947	0	s1	3	25.318353	70785
138.417947	0	s1	3	25.484353	70870
138.417947	0	s1	3	25.484353	70870
138.585947	0	s1	3	25.652353	70956
138.585947	0	s1	3	25.652353	70956
138.750047	0	s1	3	25.816453	71040
138.750047	0	s1	3	25.816453	71040
138.917947	0	s1	3	25.984353	71126
138.917947	0	s1	3	25.984353	71126
139.083947	0	s1	3	26.150353	71211
139.083947	0	s1	3	26.150353	71211
139.250047	0	s1	3	26.316453	71296
139.250047	0	s1	3	26.316453	71296
139.417947	0	s1	3	26.484353	71382
139.417947	0	s1	3	26.484353	71382
139.583947	0	s1	3	26.650353	71467
139.583947	0	s1	3	26.650353	71467
139.751947	0	s1	3	26.818353	71553
139.751947	0	s1	3	26.818353	71553
139.917947	0	s1	3	26.984353	71638
139.917947	0	s1	3	26.984353	71638
140.083947	0	s1	3	27.150353	71723
140.083947	0	s1	3	27.150353	71723
140.251947	0	s1	3	27.318353	71809
140.251947	0	s1	3	27.318353	71809
140.417947	0	s1	3	27.484353	71894
140.417947	0	s1	3	27.484353	71894
140.583947	0	s1	3	27.650353	71979
140.583947	0	s1	3	27.650353	71979
140.750047	0	s1	3	27.816453	72064
140.750047	0	s1	3	27.816453	72064
140.917947	0	s1	3	27.984353	72150
140.917947	0	s1	3	27.984353	72150
141.083947	0	s1	3	28.150353	72235
141.083947	0	s1	3	28.150353	72235
141.250047	0	s1	3	28.316453	72320
141.250047	0	s1	3	28.316453	72320
141.416047	0	s1	3	28.482453	72405
141.416047	0	s1	3	28.482453	72405
141.583947	0	s1	3	28.650353	72491
141.583947	0	s1	3	28.650353	72491
141.750047	0	s1	3	28.816453	72576
141.750047	0	s1	3	28.816453	72576
141.916047	0	s1	3	28.982453	72661
141.916047	0	s1	3	28.982453	72661
142.082047	0	s1	3	29.148453	72746
142.082047	0	s1	3	29.148453	72746
142.250047	0	s1	3	29.316453	72832
142.250047	0	s1	3	29.316453	72832
142.416047	0	s1	3	29.482453	72917
142.416047	0	s1	3	29.482453	72917
142.583947	0	s1	3	29.650353	73003
142.583947	0	s1	3	29.650353	73003
142.750047	0	s1	3	29.816453	73088
142.750047	0	s1	3	29.816453	73088
142.916047	0	s1	3	29.982453	73173
142.916047	0	s1	3	29.982453	73173
143.082047	0	s1	3	30.148453	73258
143.082047	0	s1	3	30.148453	73258
143.250047	0	s1	3	30.316453	73344
143.250047	0	s1	3	30.316453	73344
143.416047	0	s1	3	30.482453	73429
143.416047	0	s1	3	30.482453	73429
143.582047	0	s1	3	30.648453	73514
143.582047	0	s1	3	30.648453	73514
143.748047	0	s1	3	30.814453	73599
143.748047	0	s1	3	30.814453	73599
143.916047	0	s1	3	30.982453	73685
143.916047	0	s1	3	30.982453	73685
144.082047	0	s1	3	31.148453	73770
144.082047	0	s1	3	31.148453	73770
144.248047	0	s1	3	31.314453	73855
144.248047	0	s1	3	31.314453	73855
144.416047	0	s1	3	31.482453	73941
144.416047	0	s1	3	31.482453	73941
144.582047	0	s1	3	31.648453	74026
144.582047	0	s1	3	31.648453	74026
144.748047	0	s1	3	31.814453	74111
144.748047	0	s1	3	31.814453	74111
144.914047	0	s1	3	31.980453	74196
144.914047	0	s1	3	31.980453	74196
145.082047	0	s1	3	32.148453	74282
145.082047	0	s1	3	32.148453	74282
145.248047	0	s1	3	32.314453	74367
145.248047	0	s1	3	32.314453	74367
145.414047	0	s1	3	32.480453	74452
145.414047	0	s1	3	32.480453	74452
145.582047	0	s1	3	32.648453	74538
145.582047	0	s1	3	32.648453	74538
145.748047	0	s1	3	32.814453	74623
145.748047	0	s1	3	32.814453	74623
145.916047	0	s1	3	32.982453	74709
145.916047	0	s1	3	32.982453	74709
146.080047	0	s1	3	33.146453	74793
146.080047	0	s1	3	33.146453	74793
146.248047	0	s1	3	33.314453	74879
146.248047	0	s1	3	33.314453	74879
146.414047	0	s1	3	33.480453	74964
146.414047	0	s1	3	33.480453	74964
146.582047	0	s1	3	33.648453	75050
146.582047	0	s1	3	33.648453	75050
146.746047	0	s1	3	33.812453	75134
146.746047	0	s1	3	33.812453	75134
146.914047	0	s1	3	33.980453	75220
146.914047	0	s1	3	33.980453	75220
147.080047	0	s1	3	34.146453	75305
147.080047	0	s1	3	34.146453	75305
147.248047	0	s1	3	34.314453	75391
147.248047	0	s1	3	34.314453	75391
147.414047	0	s1	3	34.480453	75476
147.414047	0	s1	3	34.480453	75476
147.580047	0	s1	3	34.646453	75561
147.580047	0	s1	3	34.646453	75561
147.746047	0	s1	3	34.812453	75646
147.746047	0	s1	3	34.812453	75646
147.914047	0	s1	3	34.980453	75732
147.914047	0	s1	3	34.980453	75732
148.080047	0	s1	3	35.146453	75817
148.080047	0	s1	3	35.146453	75817
148.246047	0	s1	3	35.312453	75902
148.246047	0	s1	3	35.312453	75902
148.414047	0	s1	3	35.480453	75988
148.414047	0	s1	3	35.480453	75988
148.580047	0	s1	3	35.646453	76073
148.580047	0	s1	3	35.646453	76073
148.746047	0	s1	3	35.812453	76158
148.746047	0	s1	3	35.812453	76158
148.910147	0	s1	3	35.976553	76242
148.910147	0	s1	3	35.976553	76242
149.078147	0	s1	3	36.144553	76328
149.078147	0	s1	3	36.144553	76328
149.246047	0	s1	3	36.312453	76414
149.246047	0	s1	3	36.312453	76414
149.410147	0	s1	3	36.476553	76498
149.410147	0	s1	3	36.476553	76498
149.580047	0	s1	3	36.646453	76585
149.580047	0	s1	3	36.646453	76585
149.746047	0	s1	3	36.812453	76670
149.746047	0	s1	3	36.812453	76670
149.910147	0	s1	3	36.976553	76754
149.910147	0	s1	3	36.976553	76754
150.078147	0	s1	3	37.144553	76840
150.078147	0	s1	3	37.144553	76840
150.244147	0	s1	3	37.310553	76925
150.244147	0	s1	3	37.310553	76925
150.410147	0	s1	3	37.476553	77010
150.410147	0	s1	3	37.476553	77010
150.578147	0	s1	3	37.644553	77096
150.578147	0	s1	3	37.644553	77096
150.744147	0	s1	3	37.810553	77181
150.744147	0	s1	3	37.810553	77181
150.910147	0	s1	3	37.976553	77266
150.910147	0	s1	3	37.976553	77266
151.078147	0	s1	3	38.144553	77352
151.078147	0	s1	3	38.144553	77352
151.246047	0	s1	3	38.312453	77438
151.246047	0	s1	3	38.312453	77438
151.410147	0	s1	3	38.476553	77522
151.410147	0	s1	3	38.476553	77522
151.578147	0	s1	3	38.644553	77608
151.578147	0	s1	3	38.644553	77608
151.744147	0	s1	3	38.810553	77693
151.744147	0	s1	3	38.810553	77693
151.910147	0	s1	3	38.976553	77778
151.910147	0	s1	3	38.976553	77778
152.076147	0	s1	3	39.142553	77863
152.076147	0	s1	3	39.142553	77863
152.244147	0	s1	3	39.310553	77949
152.244147	0	s1	3	39.310553	77949
152.410147	0	s1	3	39.476553	78034
152.410147	0	s1	3	39.476553	78034
152.578147	0	s1	3	39.644553	78120
152.578147	0	s1	3	39.644553	78120
152.744147	0	s1	3	39.810553	78205
152.744147	0	s1	3	39.810553	78205
152.910147	0	s1	3	39.976553	78290
152.910147	0	s1	3	39.976553	78290
153.076147	0	s1	3	40.142553	78375
153.076147	0	s1	3	40.142553	78375
153.244147	0	s1	3	40.310553	78461
153.244147	0	s1	3	40.310553	78461
153.410147	0	s1	3	40.476553	78546
153.410147	0	s1	3	40.476553	78546
153.578147	0	s1	3	40.644553	78632
153.578147	0	s1	3	40.644553	78632
153.742147	0	s1	3	40.808553	78716
153.742147	0	s1	3	40.808553	78716
153.910147	0	s1	3	40.976553	78802
153.910147	0	s1	3	40.976553	78802
154.076147	0	s1	3	41.142553	78887
154.076147	0	s1	3	41.142553	78887
154.244147	0	s1	3	41.310553	78973
154.244147	0	s1	3	41.310553	78973
154.408247	0	s1	3	41.474653	79057
154.408247	0	s1	3	41.474653	79057
154.576147	0	s1	3	41.642553	79143
154.576147	0	s1	3	41.642553	79143
154.742147	0	s1	3	41.808553	79228
154.742147	0	s1	3	41.808553	79228
154.910147	0	s1	3	41.976553	79314
154.910147	0	s1	3	41.976553	79314
155.076147	0	s1	3	42.142553	79399
155.076147	0	s1	3	42.142553	79399
155.242147	0	s1	3	42.308553	79484
155.242147	0	s1	3	42.308553	79484
155.408247	0	s1	3	42.474653	79569
155.408247	0	s1	3	42.474653	79569
155.576147	0	s1	3	42.642553	79655
155.576147	0	s1	3	42.642553	79655
155.742147	0	s1	3	42.808553	79740
155.742147	0	s1	3	42.808553	79740
155.908247	0	s1	3	42.974653	79825
155.908247	0	s1	3	42.974653	79825
156.074247	0	s1	3	43.140653	79910
156.074247	0	s1	3	43.140653	79910
156.242147	0	s1	3	43.308553	79996
156.242147	0	s1	3	43.308553	79996
156.408247	0	s1	3	43.474653	80081
156.408247	0	s1	3	43.474653	80081
156.576147	0	s1	3	43.642553	80167
156.576147	0	s1	3	43.642553	80167
156.740247	0	s1	3	43.806653	80251
156.740247	0	s1	3	43.806653	80251
156.908247	0	s1	3	43.974653	80337
156.908247	0	s1	3	43.974653	80337
157.074247	0	s1	3	44.140653	80422
157.074247	0	s1	3	44.140653	80422
157.242147	0	s1	3	44.308553	80508
157.242147	0	s1	3	44.308553	80508
157.408247	0	s1	3	44.474653	80593
157.408247	0	s1	3	44.474653	80593
157.576147	0	s1	3	44.642553	80679
157.576147	0	s1	3	44.642553	80679
157.740247	0	s1	3	44.806653	80763
157.740247	0	s1	3	44.806653	80763
157.908247	0	s1	3	44.974653	80849
157.908247	0	s1	3	44.974653	80849
158.074247	0	s1	3	45.140653	80934
158.074247	0	s1	3	45.140653	80934
158.242147	0	s1	3	45.308553	81020
158.242147	0	s1	3	45.308553	81020
158.406247	0	s1	3	45.472653	81104
158.406247	0	s1	3	45.472653	81104
158.574247	0	s1	3	45.640653	81190
158.574247	0	s1	3	45.640653	81190
158.740247	0	s1	3	45.806653	81275
158.740247	0	s1	3	45.806653	81275
158.908247	0	s1	3	45.974653	81361
158.908247	0	s1	3	45.974653	81361
159.074247	0	s1	3	46.140653	81446
159.074247	0	s1	3	46.140653	81446
159.240247	0	s1	3	46.306653	81531
159.240247	0	s1	3	46.306653	81531
159.406247	0	s1	3	46.472653	81616
159.406247	0	s1	3	46.472653	81616
159.574247	0	s1	3	46.640653	81702
159.574247	0	s1	3	46.640653	81702
159.740247	0	s1	3	46.806653	81787
159.740247	0	s1	3	46.806653	81787
159.908247	0	s1	3	46.974653	81873
159.908247	0	s1	3	46.974653	81873
160.072247	0	s1	3	47.138653	81957
160.072247	0	s1	3	47.138653	81957
160.240247	0	s1	3	47.306653	82043
160.240247	0	s1	3	47.306653	82043
160.406247	0	s1	3	47.472653	82128
160.406247	0	s1	3	47.472653	82128
160.574247	0	s1	3	47.640653	82214
160.574247	0	s1	3	47.640653	82214
160.740247	0	s1	3	47.806653	82299
160.740247	0	s1	3	47.806653	82299
160.906247	0	s1	3	47.972653	82384
160.906247	0	s1	3	47.972653	82384
161.072247	0	s1	3	48.138653	82469
161.072247	0	s1	3	48.138653	82469
161.238247	0	s1	3	48.304653	82554
161.238247	0	s1	3	48.304653	82554
161.404347	0	s1	3	48.470753	82639
161.404347	0	s1	3	48.470753	82639
161.572247	0	s1	3	48.638653	82725
161.572247	0	s1	3	48.638653	82725
161.738247	0	s1	3	48.804653	82810
161.738247	0	s1	3	48.804653	82810
161.904347	0	s1	3	48.970753	82895
161.904347	0	s1	3	48.970753	82895
162.072247	0	s1	3	49.138653	82981
162.072247	0	s1	3	49.138653	82981
162.238247	0	s1	3	49.304653	83066
162.238247	0	s1	3	49.304653	83066
162.404347	0	s1	3	49.470753	83151
162.404347	0	s1	3	49.470753	83151
162.570347	0	s1	3	49.636753	83236
162.570347	0	s1	3	49.636753	83236
162.738247	0	s1	3	49.804653	83322
162.738247	0	s1	3	49.804653	83322
162.904347	0	s1	3	49.970753	83407
162.904347	0	s1	3	49.970753	83407
163.072247	0	s1	3	50.138653	83493
163.072247	0	s1	3	50.138653	83493
163.238247	0	s1	3	50.304653	83578
163.238247	0	s1	3	50.304653	83578
163.404347	0	s1	3	50.470753	83663
163.404347	0	s1	3	50.470753	83663
163.572247	0	s1	3	50.638653	83749
163.572247	0	s1	3	50.638653	83749
163.738247	0	s1	3	50.804653	83834
163.738247	0	s1	3	50.804653	83834
163.904347	0	s1	3	50.970753	83919
163.904347	0	s1	3	50.970753	83919
164.070347	0	s1	3	51.136753	84004
164.070347	0	s1	3	51.136753	84004
164.238247	0	s1	3	51.304653	84090
164.238247	0	s1	3	51.304653	84090
164.404347	0	s1	3	51.470753	84175
164.404347	0	s1	3	51.470753	84175
164.572247	0	s1	3	51.638653	84261
164.572247	0	s1	3	51.638653	84261
164.736347	0	s1	3	51.802753	84345
164.736347	0	s1	3	51.802753	84345
164.902347	0	s1	3	51.968753	84430
164.902347	0	s1	3	51.968753	84430
165.070347	0	s1	3	52.136753	84516
165.070347	0	s1	3	52.136753	84516
165.238247	0	s1	3	52.304653	84602
165.238247	0	s1	3	52.304653	84602
165.402347	0	s1	3	52.468753	84686
165.402347	0	s1	3	52.468753	84686
165.570347	0	s1	3	52.636753	84772
165.570347	0	s1	3	52.636753	84772
165.736347	0	s1	3	52.802753	84857
165.736347	0	s1	3	52.802753	84857
165.904347	0	s1	3	52.970753	84943
165.904347	0	s1	3	52.970753	84943
166.070347	0	s1	3	53.136753	85028
166.070347	0	s1	3	53.136753	85028
166.236347	0	s1	3	53.302753	85113
166.236347	0	s1	3	53.302753	85113
166.402347	0	s1	3	53.468753	85198
166.402347	0	s1	3	53.468753	85198
166.566447	0	s1	3	53.632853	85282
166.566447	0	s1	3	53.632853	85282
166.736347	0	s1	3	53.802753	85369
166.736347	0	s1	3	53.802753	85369
166.902347	0	s1	3	53.968753	85454
166.902347	0	s1	3	53.968753	85454
167.066447	0	s1	3	54.132853	85538
167.066447	0	s1	3	54.132853	85538
167.234347	0	s1	3	54.300753	85624
167.234347	0	s1	3	54.300753	85624
167.400347	0	s1	3	54.466753	85709
167.400347	0	s1	3	54.466753	85709
167.566447	0	s1	3	54.632853	85794
167.566447	0	s1	3	54.632853	85794
167.736347	0	s1	3	54.802753	85881
167.736347	0	s1	3	54.802753	85881
167.902347	0	s1	3	54.968753	85966
167.902347	0	s1	3	54.968753	85966
168.066447	0	s1	3	55.132853	86050
168.066447	0	s1	3	55.132853	86050
168.232447	0	s1	3	55.298853	86135
168.232447	0	s1	3	55.298853	86135
168.402347	0	s1	3	55.468753	86222
168.402347	0	s1	3	55.468753	86222
168.566447	0	s1	3	55.632853	86306
168.566447	0	s1	3	55.632853	86306
168.734347	0	s1	3	55.800753	86392
168.734347	0	s1	3	55.800753	86392
168.900347	0	s1	3	55.966753	86477
168.900347	0	s1	3	55.966753	86477
169.066447	0	s1	3	56.132853	86562
169.066447	0	s1	3	56.132853	86562
169.236347	0	s1	3	56.302753	86649
169.236347	0	s1	3	56.302753	86649
169.400347	0	s1	3	56.466753	86733
169.400347	0	s1	3	56.466753	86733
169.566447	0	s1	3	56.632853	86818
169.566447	0	s1	3	56.632853	86818
169.734347	0	s1	3	56.800753	86904
169.734347	0	s1	3	56.800753	86904
169.902347	0	s1	3	56.968753	86990
169.902347	0	s1	3	56.968753	86990
170.066447	0	s1	3	57.132853	87074
170.066447	0	s1	3	57.132853	87074
170.234347	0	s1	3	57.300753	87160
170.234347	0	s1	3	57.300753	87160
170.400347	0	s1	3	57.466753	87245
170.400347	0	s1	3	57.466753	87245
170.566447	0	s1	3	57.632853	87330
170.566447	0	s1	3	57.632853	87330
170.734347	0	s1	3	57.800753	87416
170.734347	0	s1	3	57.800753	87416
170.898447	0	s1	3	57.964853	87500
170.898447	0	s1	3	57.964853	87500
171.066447	0	s1	3	58.132853	87586
171.066447	0	s1	3	58.132853	87586
171.232447	0	s1	3	58.298853	87671
171.232447	0	s1	3	58.298853	87671
171.400347	0	s1	3	58.466753	87757
171.400347	0	s1	3	58.466753	87757
171.566447	0	s1	3	58.632853	87842
171.566447	0	s1	3	58.632853	87842
171.732447	0	s1	3	58.798853	87927
171.732447	0	s1	3	58.798853	87927
171.900347	0	s1	3	58.966753	88013
171.900347	0	s1	3	58.966753	88013
172.066447	0	s1	3	59.132853	88098
172.066447	0	s1	3	59.132853	88098
172.232447	0	s1	3	59.298853	88183
172.232447	0	s1	3	59.298853	88183
172.566444	0	s1	4	2.166053	88354
172.566444	0	s1	4	2.166053	88354
172.730444	0	s1	4	2.330053	88438
172.730444	0	s1	4	2.330053	88438
172.898444	0	s1	4	2.498053	88524
172.898444	0	s1	4	2.498053	88524
173.064444	0	s1	4	2.664053	88609
173.064444	0	s1	4	2.664053	88609
173.232444	0	s1	4	2.832053	88695
173.232444	0	s1	4	2.832053	88695
173.398444	0	s1	4	2.998053	88780
173.398444	0	s1	4	2.998053	88780
173.566444	0	s1	4	3.166053	88866
173.566444	0	s1	4	3.166053	88866
173.730444	0	s1	4	3.330053	88950
173.730444	0	s1	4	3.330053	88950
173.898444	0	s1	4	3.498053	89036
173.898444	0	s1	4	3.498053	89036
174.064444	0	s1	4	3.664053	89121
174.064444	0	s1	4	3.664053	89121
174.232444	0	s1	4	3.832053	89207
174.232444	0	s1	4	3.832053	89207
174.396444	0	s1	4	3.996053	89291
174.396444	0	s1	4	3.996053	89291
174.562544	0	s1	4	4.162153	89376
174.562544	0	s1	4	4.162153	89376
174.730444	0	s1	4	4.330053	89462
174.730444	0	s1	4	4.330053	89462
174.898444	0	s1	4	4.498053	89548
174.898444	0	s1	4	4.498053	89548
175.064444	0	s1	4	4.664053	89633
175.064444	0	s1	4	4.664053	89633
175.230444	0	s1	4	4.830053	89718
175.230444	0	s1	4	4.830053	89718
175.396444	0	s1	4	4.996053	89803
175.396444	0	s1	4	4.996053	89803
175.562544	0	s1	4	5.162153	89888
175.562544	0	s1	4	5.162153	89888
175.730444	0	s1	4	5.330053	89974
175.730444	0	s1	4	5.330053	89974
175.898444	0	s1	4	5.498053	90060
175.898444	0	s1	4	5.498053	90060
176.062544	0	s1	4	5.662153	90144
176.062544	0	s1	4	5.662153	90144
176.230444	0	s1	4	5.830053	90230
176.230444	0	s1	4	5.830053	90230
176.396444	0	s1	4	5.996053	90315
176.396444	0	s1	4	5.996053	90315
176.558644	0	s1	4	6.158253	90398
176.558644	0	s1	4	6.158253	90398
176.728544	0	s1	4	6.328153	90485
176.728544	0	s1	4	6.328153	90485
176.896444	0	s1	4	6.496053	90571
176.896444	0	s1	4	6.496053	90571
177.062544	0	s1	4	6.662153	90656
177.062544	0	s1	4	6.662153	90656
177.228544	0	s1	4	6.828153	90741
177.228544	0	s1	4	6.828153	90741
177.396444	0	s1	4	6.996053	90827
177.396444	0	s1	4	6.996053	90827
177.558644	0	s1	4	7.158253	90910
177.558644	0	s1	4	7.158253	90910
177.728544	0	s1	4	7.328153	90997
177.728544	0	s1	4	7.328153	90997
177.896444	0	s1	4	7.496053	91083
177.896444	0	s1	4	7.496053	91083
178.062544	0	s1	4	7.662153	91168
178.062544	0	s1	4	7.662153	91168
178.230444	0	s1	4	7.830053	91254
178.230444	0	s1	4	7.830053	91254
178.394544	0	s1	4	7.994153	91338
178.394544	0	s1	4	7.994153	91338
178.562544	0	s1	4	8.162153	91424
178.562544	0	s1	4	8.162153	91424
178.728544	0	s1	4	8.328153	91509
178.728544	0	s1	4	8.328153	91509
178.894544	0	s1	4	8.494153	91594
178.894544	0	s1	4	8.494153	91594
179.062544	0	s1	4	8.662153	91680
179.062544	0	s1	4	8.662153	91680
179.228544	0	s1	4	8.828153	91765
179.228544	0	s1	4	8.828153	91765
179.394544	0	s1	4	8.994153	91850
179.394544	0	s1	4	8.994153	91850
179.558644	0	s1	4	9.158253	91934
179.558644	0	s1	4	9.158253	91934
179.728544	0	s1	4	9.328153	92021
179.728544	0	s1	4	9.328153	92021
179.896444	0	s1	4	9.496053	92107
179.896444	0	s1	4	9.496053	92107
180.058644	0	s1	4	9.658253	92190
180.058644	0	s1	4	9.658253	92190
180.228544	0	s1	4	9.828153	92277
180.228544	0	s1	4	9.828153	92277
180.394544	0	s1	4	9.994153	92362
180.394544	0	s1	4	9.994153	92362
180.558644	0	s1	4	10.158253	92446
180.558644	0	s1	4	10.158253	92446
180.728544	0	s1	4	10.328153	92533
180.728544	0	s1	4	10.328153	92533
180.892544	0	s1	4	10.492153	92617
180.892544	0	s1	4	10.492153	92617
181.058644	0	s1	4	10.658253	92702
181.058644	0	s1	4	10.658253	92702
181.226544	0	s1	4	10.826153	92788
181.226544	0	s1	4	10.826153	92788
181.394544	0	s1	4	10.994153	92874
181.394544	0	s1	4	10.994153	92874
181.558644	0	s1	4	11.158253	92958
181.558644	0	s1	4	11.158253	92958
181.726544	0	s1	4	11.326153	93044
181.726544	0	s1	4	11.326153	93044
181.892544	0	s1	4	11.492153	93129
181.892544	0	s1	4	11.492153	93129
182.058644	0	s1	4	11.658253	93214
182.058644	0	s1	4	11.658253	93214
182.226544	0	s1	4	11.826153	93300
182.226544	0	s1	4	11.826153	93300
182.392544	0	s1	4	11.992153	93385
182.392544	0	s1	4	11.992153	93385
182.558644	0	s1	4	12.158253	93470
182.558644	0	s1	4	12.158253	93470
182.726544	0	s1	4	12.326153	93556
182.726544	0	s1	4	12.326153	93556
182.892544	0	s1	4	12.492153	93641
182.892544	0	s1	4	12.492153	93641
183.058644	0	s1	4	12.658253	93726
183.058644	0	s1	4	12.658253	93726
183.226544	0	s1	4	12.826153	93812
183.226544	0	s1	4	12.826153	93812
183.392544	0	s1	4	12.992153	93897
183.392544	0	s1	4	12.992153	93897
183.558644	0	s1	4	13.158253	93982
183.558644	0	s1	4	13.158253	93982
183.726544	0	s1	4	13.326153	94068
183.726544	0	s1	4	13.326153	94068
183.892544	0	s1	4	13.492153	94153
183.892544	0	s1	4	13.492153	94153
184.058644	0	s1	4	13.658253	94238
184.058644	0	s1	4	13.658253	94238
184.224644	0	s1	4	13.824253	94323
184.224644	0	s1	4	13.824253	94323
184.392544	0	s1	4	13.992153	94409
184.392544	0	s1	4	13.992153	94409
184.558644	0	s1	4	14.158253	94494
184.558644	0	s1	4	14.158253	94494
184.726544	0	s1	4	14.326153	94580
184.726544	0	s1	4	14.326153	94580
184.892544	0	s1	4	14.492153	94665
184.892544	0	s1	4	14.492153	94665
185.056644	0	s1	4	14.656253	94749
185.056644	0	s1	4	14.656253	94749
185.224644	0	s1	4	14.824253	94835
185.224644	0	s1	4	14.824253	94835
185.392544	0	s1	4	14.992153	94921
185.392544	0	s1	4	14.992153	94921
185.558644	0	s1	4	15.158253	95006
185.558644	0	s1	4	15.158253	95006
185.724644	0	s1	4	15.324253	95091
185.724644	0	s1	4	15.324253	95091
185.890644	0	s1	4	15.490253	95176
185.890644	0	s1	4	15.490253	95176
186.058644	0	s1	4	15.658253	95262
186.058644	0	s1	4	15.658253	95262
186.224644	0	s1	4	15.824253	95347
186.224644	0	s1	4	15.824253	95347
186.390644	0	s1	4	15.990253	95432
186.390644	0	s1	4	15.990253	95432
186.556644	0	s1	4	16.156253	95517
186.556644	0	s1	4	16.156253	95517
186.722644	0	s1	4	16.322253	95602
186.722644	0	s1	4	16.322253	95602
186.890644	0	s1	4	16.490253	95688
186.890644	0	s1	4	16.490253	95688
187.058644	0	s1	4	16.658253	95774
187.058644	0	s1	4	16.658253	95774
187.222644	0	s1	4	16.822253	95858
187.222644	0	s1	4	16.822253	95858
187.390644	0	s1	4	16.990253	95944
187.390644	0	s1	4	16.990253	95944
187.556644	0	s1	4	17.156253	96029
187.556644	0	s1	4	17.156253	96029
187.724644	0	s1	4	17.324253	96115
187.724644	0	s1	4	17.324253	96115
187.890644	0	s1	4	17.490253	96200
187.890644	0	s1	4	17.490253	96200
188.056644	0	s1	4	17.656253	96285
188.056644	0	s1	4	17.656253	96285
188.222644	0	s1	4	17.822253	96370
188.222644	0	s1	4	17.822253	96370
188.390644	0	s1	4	17.990253	96456
188.390644	0	s1	4	17.990253	96456
188.556644	0	s1	4	18.156253	96541
188.556644	0	s1	4	18.156253	96541
188.724644	0	s1	4	18.324253	96627
188.724644	0	s1	4	18.324253	96627
188.888644	0	s1	4	18.488253	96711
188.888644	0	s1	4	18.488253	96711
189.056644	0	s1	4	18.656253	96797
189.056644	0	s1	4	18.656253	96797
189.222644	0	s1	4	18.822253	96882
189.222644	0	s1	4	18.822253	96882
189.388644	0	s1	4	18.988253	96967
189.388644	0	s1	4	18.988253	96967
189.556644	0	s1	4	19.156253	97053
189.556644	0	s1	4	19.156253	97053
189.722644	0	s1	4	19.322253	97138
189.722644	0	s1	4	19.322253	97138
189.888644	0	s1	4	19.488253	97223
189.888644	0	s1	4	19.488253	97223
190.056644	0	s1	4	19.656253	97309
190.056644	0	s1	4	19.656253	97309
190.222644	0	s1	4	19.822253	97394
190.222644	0	s1	4	19.822253	97394
190.388644	0	s1	4	19.988253	97479
190.388644	0	s1	4	19.988253	97479
190.554644	0	s1	4	20.154253	97564
190.554644	0	s1	4	20.154253	97564
190.722644	0	s1	4	20.322253	97650
190.722644	0	s1	4	20.322253	97650
190.888644	0	s1	4	20.488253	97735
190.888644	0	s1	4	20.488253	97735
191.054644	0	s1	4	20.654253	97820
191.054644	0	s1	4	20.654253	97820
191.220744	0	s1	4	20.820353	97905
191.220744	0	s1	4	20.820353	97905
191.388644	0	s1	4	20.988253	97991
191.388644	0	s1	4	20.988253	97991
191.554644	0	s1	4	21.154253	98076
191.554644	0	s1	4	21.154253	98076
191.722644	0	s1	4	21.322253	98162
191.722644	0	s1	4	21.322253	98162
191.888644	0	s1	4	21.488253	98247
191.888644	0	s1	4	21.488253	98247
192.054644	0	s1	4	21.654253	98332
192.054644	0	s1	4	21.654253	98332
192.220744	0	s1	4	21.820353	98417
192.220744	0	s1	4	21.820353	98417
192.388644	0	s1	4	21.988253	98503
192.388644	0	s1	4	21.988253	98503
192.554644	0	s1	4	22.154253	98588
192.554644	0	s1	4	22.154253	98588
192.722644	0	s1	4	22.322253	98674
192.722644	0	s1	4	22.322253	98674
192.886744	0	s1	4	22.486353	98758
192.886744	0	s1	4	22.486353	98758
193.054644	0	s1	4	22.654253	98844
193.054644	0	s1	4	22.654253	98844
193.220744	0	s1	4	22.820353	98929
193.220744	0	s1	4	22.820353	98929
193.386744	0	s1	4	22.986353	99014
193.386744	0	s1	4	22.986353	99014
193.552744	0	s1	4	23.152353	99099
193.552744	0	s1	4	23.152353	99099
193.720744	0	s1	4	23.320353	99185
193.720744	0	s1	4	23.320353	99185
193.886744	0	s1	4	23.486353	99270
193.886744	0	s1	4	23.486353	99270
194.054644	0	s1	4	23.654253	99356
194.054644	0	s1	4	23.654253	99356
194.220744	0	s1	4	23.820353	99441
194.220744	0	s1	4	23.820353	99441
194.386744	0	s1	4	23.986353	99526
194.386744	0	s1	4	23.986353	99526
194.552744	0	s1	4	24.152353	99611
194.552744	0	s1	4	24.152353	99611
194.720744	0	s1	4	24.320353	99697
194.720744	0	s1	4	24.320353	99697
194.886744	0	s1	4	24.486353	99782
194.886744	0	s1	4	24.486353	99782
195.052744	0	s1	4	24.652353	99867
195.052744	0	s1	4	24.652353	99867
195.218744	0	s1	4	24.818353	99952
195.218744	0	s1	4	24.818353	99952
195.384744	0	s1	4	24.984353	100037
195.384744	0	s1	4	24.984353	100037
195.552744	0	s1	4	25.152353	100123
195.552744	0	s1	4	25.152353	100123
195.720744	0	s1	4	25.320353	100209
195.720744	0	s1	4	25.320353	100209
195.886744	0	s1	4	25.486353	100294
195.886744	0	s1	4	25.486353	100294
196.052744	0	s1	4	25.652353	100379
196.052744	0	s1	4	25.652353	100379
196.218744	0	s1	4	25.818353	100464
196.218744	0	s1	4	25.818353	100464
196.386744	0	s1	4	25.986353	100550
196.386744	0	s1	4	25.986353	100550
196.550744	0	s1	4	26.150353	100634
196.550744	0	s1	4	26.150353	100634
196.718744	0	s1	4	26.318353	100720
196.718744	0	s1	4	26.318353	100720
196.884744	0	s1	4	26.484353	100805
196.884744	0	s1	4	26.484353	100805
197.050744	0	s1	4	26.650353	100890
197.050744	0	s1	4	26.650353	100890
197.218744	0	s1	4	26.818353	100976
197.218744	0	s1	4	26.818353	100976
197.386744	0	s1	4	26.986353	101062
197.386744	0	s1	4	26.986353	101062
197.550744	0	s1	4	27.150353	101146
197.550744	0	s1	4	27.150353	101146
197.714844	0	s1	4	27.314453	101230
197.714844	0	s1	4	27.314453	101230
197.884744	0	s1	4	27.484353	101317
197.884744	0	s1	4	27.484353	101317
198.052744	0	s1	4	27.652353	101403
198.052744	0	s1	4	27.652353	101403
198.214844	0	s1	4	27.814453	101486
198.214844	0	s1	4	27.814453	101486
198.384744	0	s1	4	27.984353	101573
198.384744	0	s1	4	27.984353	101573
198.550744	0	s1	4	28.150353	101658
198.550744	0	s1	4	28.150353	101658
198.714844	0	s1	4	28.314453	101742
198.714844	0	s1	4	28.314453	101742
198.884744	0	s1	4	28.484353	101829
198.884744	0	s1	4	28.484353	101829
199.050744	0	s1	4	28.650353	101914
199.050744	0	s1	4	28.650353	101914
199.214844	0	s1	4	28.814453	101998
199.214844	0	s1	4	28.814453	101998
199.384744	0	s1	4	28.984353	102085
199.384744	0	s1	4	28.984353	102085
199.550744	0	s1	4	29.150353	102170
199.550744	0	s1	4	29.150353	102170
199.714844	0	s1	4	29.314453	102254
199.714844	0	s1	4	29.314453	102254
199.882844	0	s1	4	29.482453	102340
199.882844	0	s1	4	29.482453	102340
200.050744	0	s1	4	29.650353	102426
200.050744	0	s1	4	29.650353	102426
200.214844	0	s1	4	29.814453	102510
200.214844	0	s1	4	29.814453	102510
200.382844	0	s1	4	29.982453	102596
200.382844	0	s1	4	29.982453	102596
200.550744	0	s1	4	30.150353	102682
200.550744	0	s1	4	30.150353	102682
200.714844	0	s1	4	30.314453	102766
200.714844	0	s1	4	30.314453	102766
200.882844	0	s1	4	30.482453	102852
200.882844	0	s1	4	30.482453	102852
201.048844	0	s1	4	30.648453	102937
201.048844	0	s1	4	30.648453	102937
201.214844	0	s1	4	30.814453	103022
201.214844	0	s1	4	30.814453	103022
201.382844	0	s1	4	30.982453	103108
201.382844	0	s1	4	30.982453	103108
201.548844	0	s1	4	31.148453	103193
201.548844	0	s1	4	31.148453	103193
201.714844	0	s1	4	31.314453	103278
201.714844	0	s1	4	31.314453	103278
201.882844	0	s1	4	31.482453	103364
201.882844	0	s1	4	31.482453	103364
202.050744	0	s1	4	31.650353	103450
202.050744	0	s1	4	31.650353	103450
202.214844	0	s1	4	31.814453	103534
202.214844	0	s1	4	31.814453	103534
202.382844	0	s1	4	31.982453	103620
202.382844	0	s1	4	31.982453	103620
202.548844	0	s1	4	32.148453	103705
202.548844	0	s1	4	32.148453	103705
202.714844	0	s1	4	32.314453	103790
202.714844	0	s1	4	32.314453	103790
202.882844	0	s1	4	32.482453	103876
202.882844	0	s1	4	32.482453	103876
203.048844	0	s1	4	32.648453	103961
203.048844	0	s1	4	32.648453	103961
203.214844	0	s1	4	32.814453	104046
203.214844	0	s1	4	32.814453	104046
203.380844	0	s1	4	32.980453	104131
203.380844	0	s1	4	32.980453	104131
203.548844	0	s1	4	33.148453	104217
203.548844	0	s1	4	33.148453	104217
203.714844	0	s1	4	33.314453	104302
203.714844	0	s1	4	33.314453	104302
203.880844	0	s1	4	33.480453	104387
203.880844	0	s1	4	33.480453	104387
204.048844	0	s1	4	33.648453	104473
204.048844	0	s1	4	33.648453	104473
204.214844	0	s1	4	33.814453	104558
204.214844	0	s1	4	33.814453	104558
204.380844	0	s1	4	33.980453	104643
204.380844	0	s1	4	33.980453	104643
204.546844	0	s1	4	34.146453	104728
204.546844	0	s1	4	34.146453	104728
204.714844	0	s1	4	34.314453	104814
204.714844	0	s1	4	34.314453	104814
204.880844	0	s1	4	34.480453	104899
204.880844	0	s1	4	34.480453	104899
205.046844	0	s1	4	34.646453	104984
205.046844	0	s1	4	34.646453	104984
205.214844	0	s1	4	34.814453	105070
205.214844	0	s1	4	34.814453	105070
205.380844	0	s1	4	34.980453	105155
205.380844	0	s1	4	34.980453	105155
205.546844	0	s1	4	35.146453	105240
205.546844	0	s1	4	35.146453	105240
205.712844	0	s1	4	35.312453	105325
205.712844	0	s1	4	35.312453	105325
205.880844	0	s1	4	35.480453	105411
205.880844	0	s1	4	35.480453	105411
206.046844	0	s1	4	35.646453	105496
206.046844	0	s1	4	35.646453	105496
206.212844	0	s1	4	35.812453	105581
206.212844	0	s1	4	35.812453	105581
206.380844	0	s1	4	35.980453	105667
206.380844	0	s1	4	35.980453	105667
206.546844	0	s1	4	36.146453	105752
206.546844	0	s1	4	36.146453	105752
206.712844	0	s1	4	36.312453	105837
206.712844	0	s1	4	36.312453	105837
206.880844	0	s1	4	36.480453	105923
206.880844	0	s1	4	36.480453	105923
207.046844	0	s1	4	36.646453	106008
207.046844	0	s1	4	36.646453	106008
207.212844	0	s1	4	36.812453	106093
207.212844	0	s1	4	36.812453	106093
207.378944	0	s1	4	36.978553	106178
207.378944	0	s1	4	36.978553	106178
207.546844	0	s1	4	37.146453	106264
207.546844	0	s1	4	37.146453	106264
207.712844	0	s1	4	37.312453	106349
207.712844	0	s1	4	37.312453	106349
207.878944	0	s1	4	37.478553	106434
207.878944	0	s1	4	37.478553	106434
208.044944	0	s1	4	37.644553	106519
208.044944	0	s1	4	37.644553	106519
208.212844	0	s1	4	37.812453	106605
208.212844	0	s1	4	37.812453	106605
208.378944	0	s1	4	37.978553	106690
208.378944	0	s1	4	37.978553	106690
208.544944	0	s1	4	38.144553	106775
208.544944	0	s1	4	38.144553	106775
208.710944	0	s1	4	38.310553	106860
208.710944	0	s1	4	38.310553	106860
208.878944	0	s1	4	38.478553	106946
208.878944	0	s1	4	38.478553	106946
209.044944	0	s1	4	38.644553	107031
209.044944	0	s1	4	38.644553	107031
209.210944	0	s1	4	38.810553	107116
209.210944	0	s1	4	38.810553	107116
209.378944	0	s1	4	38.978553	107202
209.378944	0	s1	4	38.978553	107202
209.544944	0	s1	4	39.144553	107287
209.544944	0	s1	4	39.144553	107287
209.710944	0	s1	4	39.310553	107372
209.710944	0	s1	4	39.310553	107372
209.878944	0	s1	4	39.478553	107458
209.878944	0	s1	4	39.478553	107458
210.044944	0	s1	4	39.644553	107543
210.044944	0	s1	4	39.644553	107543
210.210944	0	s1	4	39.810553	107628
210.210944	0	s1	4	39.810553	107628
210.376944	0	s1	4	39.976553	107713
210.376944	0	s1	4	39.976553	107713
210.544944	0	s1	4	40.144553	107799
210.544944	0	s1	4	40.144553	107799
210.708944	0	s1	4	40.308553	107883
210.708944	0	s1	4	40.308553	107883
210.878944	0	s1	4	40.478553	107970
210.878944	0	s1	4	40.478553	107970
211.042944	0	s1	4	40.642553	108054
211.042944	0	s1	4	40.642553	108054
211.210944	0	s1	4	40.810553	108140
211.210944	0	s1	4	40.810553	108140
211.376944	0	s1	4	40.976553	108225
211.376944	0	s1	4	40.976553	108225
211.544944	0	s1	4	41.144553	108311
211.544944	0	s1	4	41.144553	108311
211.710944	0	s1	4	41.310553	108396
211.710944	0	s1	4	41.310553	108396
211.876944	0	s1	4	41.476553	108481
211.876944	0	s1	4	41.476553	108481
212.042944	0	s1	4	41.642553	108566
212.042944	0	s1	4	41.642553	108566
212.210944	0	s1	4	41.810553	108652
212.210944	0	s1	4	41.810553	108652
212.376944	0	s1	4	41.976553	108737
212.376944	0	s1	4	41.976553	108737
212.544944	0	s1	4	42.144553	108823
212.544944	0	s1	4	42.144553	108823
212.708944	0	s1	4	42.308553	108907
212.708944	0	s1	4	42.308553	108907
212.876944	0	s1	4	42.476553	108993
212.876944	0	s1	4	42.476553	108993
213.042944	0	s1	4	42.642553	109078
213.042944	0	s1	4	42.642553	109078
213.210944	0	s1	4	42.810553	109164
213.210944	0	s1	4	42.810553	109164
213.376944	0	s1	4	42.976553	109249
213.376944	0	s1	4	42.976553	109249
213.542944	0	s1	4	43.142553	109334
213.542944	0	s1	4	43.142553	109334
213.708944	0	s1	4	43.308553	109419
213.708944	0	s1	4	43.308553	109419
213.876944	0	s1	4	43.476553	109505
213.876944	0	s1	4	43.476553	109505
214.042944	0	s1	4	43.642553	109590
214.042944	0	s1	4	43.642553	109590
214.208944	0	s1	4	43.808553	109675
214.208944	0	s1	4	43.808553	109675
214.375044	0	s1	4	43.974653	109760
214.375044	0	s1	4	43.974653	109760
214.542944	0	s1	4	44.142553	109846
214.542944	0	s1	4	44.142553	109846
214.708944	0	s1	4	44.308553	109931
214.708944	0	s1	4	44.308553	109931
214.875044	0	s1	4	44.474653	110016
214.875044	0	s1	4	44.474653	110016
215.041044	0	s1	4	44.640653	110101
215.041044	0	s1	4	44.640653	110101
215.208944	0	s1	4	44.808553	110187
215.208944	0	s1	4	44.808553	110187
215.375044	0	s1	4	44.974653	110272
215.375044	0	s1	4	44.974653	110272
215.542944	0	s1	4	45.142553	110358
215.542944	0	s1	4	45.142553	110358
215.708944	0	s1	4	45.308553	110443
215.708944	0	s1	4	45.308553	110443
215.875044	0	s1	4	45.474653	110528
215.875044	0	s1	4	45.474653	110528
216.041044	0	s1	4	45.640653	110613
216.041044	0	s1	4	45.640653	110613
216.208944	0	s1	4	45.808553	110699
216.208944	0	s1	4	45.808553	110699
216.375044	0	s1	4	45.974653	110784
216.375044	0	s1	4	45.974653	110784
216.542944	0	s1	4	46.142553	110870
216.542944	0	s1	4	46.142553	110870
216.707044	0	s1	4	46.306653	110954
216.707044	0	s1	4	46.306653	110954
216.875044	0	s1	4	46.474653	111040
216.875044	0	s1	4	46.474653	111040
217.041044	0	s1	4	46.640653	111125
217.041044	0	s1	4	46.640653	111125
217.207044	0	s1	4	46.806653	111210
217.207044	0	s1	4	46.806653	111210
217.371144	0	s1	4	46.970753	111294
217.371144	0	s1	4	46.970753	111294
217.541044	0	s1	4	47.140653	111381
217.541044	0	s1	4	47.140653	111381
217.707044	0	s1	4	47.306653	111466
217.707044	0	s1	4	47.306653	111466
217.875044	0	s1	4	47.474653	111552
217.875044	0	s1	4	47.474653	111552
218.039044	0	s1	4	47.638653	111636
218.039044	0	s1	4	47.638653	111636
218.207044	0	s1	4	47.806653	111722
218.207044	0	s1	4	47.806653	111722
218.371144	0	s1	4	47.970753	111806
218.371144	0	s1	4	47.970753	111806
218.539044	0	s1	4	48.138653	111892
218.539044	0	s1	4	48.138653	111892
218.707044	0	s1	4	48.306653	111978
218.707044	0	s1	4	48.306653	111978
218.871144	0	s1	4	48.470753	112062
218.871144	0	s1	4	48.470753	112062
219.041044	0	s1	4	48.640653	112149
219.041044	0	s1	4	48.640653	112149
219.205044	0	s1	4	48.804653	112233
219.205044	0	s1	4	48.804653	112233
219.371144	0	s1	4	48.970753	112318
219.371144	0	s1	4	48.970753	112318
219.541044	0	s1	4	49.140653	112405
219.541044	0	s1	4	49.140653	112405
219.705044	0	s1	4	49.304653	112489
219.705044	0	s1	4	49.304653	112489
219.871144	0	s1	4	49.470753	112574
219.871144	0	s1	4	49.470753	112574
220.039044	0	s1	4	49.638653	112660
220.039044	0	s1	4	49.638653	112660
220.205044	0	s1	4	49.804653	112745
220.205044	0	s1	4	49.804653	112745
220.371144	0	s1	4	49.970753	112830
220.371144	0	s1	4	49.970753	112830
220.539044	0	s1	4	50.138653	112916
220.539044	0	s1	4	50.138653	112916
220.705044	0	s1	4	50.304653	113001
220.705044	0	s1	4	50.304653	113001
220.871144	0	s1	4	50.470753	113086
220.871144	0	s1	4	50.470753	113086
221.039044	0	s1	4	50.638653	113172
221.039044	0	s1	4	50.638653	113172
221.205044	0	s1	4	50.804653	113257
221.205044	0	s1	4	50.804653	113257
221.371144	0	s1	4	50.970753	113342
221.371144	0	s1	4	50.970753	113342
221.537144	0	s1	4	51.136753	113427
221.537144	0	s1	4	51.136753	113427
221.705044	0	s1	4	51.304653	113513
221.705044	0	s1	4	51.304653	113513
221.871144	0	s1	4	51.470753	113598
221.871144	0	s1	4	51.470753	113598
222.039044	0	s1	4	51.638653	113684
222.039044	0	s1	4	51.638653	113684
222.207044	0	s1	4	51.806653	113770
222.207044	0	s1	4	51.806653	113770
222.371144	0	s1	4	51.970753	113854
222.371144	0	s1	4	51.970753	113854
222.537144	0	s1	4	52.136753	113939
222.537144	0	s1	4	52.136753	113939
222.705044	0	s1	4	52.304653	114025
222.705044	0	s1	4	52.304653	114025
222.871144	0	s1	4	52.470753	114110
222.871144	0	s1	4	52.470753	114110
223.037144	0	s1	4	52.636753	114195
223.037144	0	s1	4	52.636753	114195
223.203144	0	s1	4	52.802753	114280
223.203144	0	s1	4	52.802753	114280
223.371144	0	s1	4	52.970753	114366
223.371144	0	s1	4	52.970753	114366
223.535144	0	s1	4	53.134753	114450
223.535144	0	s1	4	53.134753	114450
223.705044	0	s1	4	53.304653	114537
223.705044	0	s1	4	53.304653	114537
223.869144	0	s1	4	53.468753	114621
223.869144	0	s1	4	53.468753	114621
224.037144	0	s1	4	53.636753	114707
224.037144	0	s1	4	53.636753	114707
224.203144	0	s1	4	53.802753	114792
224.203144	0	s1	4	53.802753	114792
224.371144	0	s1	4	53.970753	114878
224.371144	0	s1	4	53.970753	114878
224.537144	0	s1	4	54.136753	114963
224.537144	0	s1	4	54.136753	114963
224.703144	0	s1	4	54.302753	115048
224.703144	0	s1	4	54.302753	115048
224.871144	0	s1	4	54.470753	115134
224.871144	0	s1	4	54.470753	115134
225.037144	0	s1	4	54.636753	115219
225.037144	0	s1	4	54.636753	115219
225.203144	0	s1	4	54.802753	115304
225.203144	0	s1	4	54.802753	115304
225.369144	0	s1	4	54.968753	115389
225.369144	0	s1	4	54.968753	115389
225.535144	0	s1	4	55.134753	115474
225.535144	0	s1	4	55.134753	115474
225.703144	0	s1	4	55.302753	115560
225.703144	0	s1	4	55.302753	115560
225.869144	0	s1	4	55.468753	115645
225.869144	0	s1	4	55.468753	115645
226.035144	0	s1	4	55.634753	115730
226.035144	0	s1	4	55.634753	115730
226.203144	0	s1	4	55.802753	115816
226.203144	0	s1	4	55.802753	115816
226.369144	0	s1	4	55.968753	115901
226.369144	0	s1	4	55.968753	115901
226.535144	0	s1	4	56.134753	115986
226.535144	0	s1	4	56.134753	115986
226.703144	0	s1	4	56.302753	116072
226.703144	0	s1	4	56.302753	116072
226.869144	0	s1	4	56.468753	116157
226.869144	0	s1	4	56.468753	116157
227.035144	0	s1	4	56.634753	116242
227.035144	0	s1	4	56.634753	116242
227.201144	0	s1	4	56.800753	116327
227.201144	0	s1	4	56.800753	116327
227.367144	0	s1	4	56.966753	116412
227.367144	0	s1	4	56.966753	116412
227.535144	0	s1	4	57.134753	116498
227.535144	0	s1	4	57.134753	116498
227.701144	0	s1	4	57.300753	116583
227.701144	0	s1	4	57.300753	116583
227.867144	0	s1	4	57.466753	116668
227.867144	0	s1	4	57.466753	116668
228.035144	0	s1	4	57.634753	116754
228.035144	0	s1	4	57.634753	116754
228.201144	0	s1	4	57.800753	116839
228.201144	0	s1	4	57.800753	116839
228.369144	0	s1	4	57.968753	116925
228.369144	0	s1	4	57.968753	116925
228.535144	0	s1	4	58.134753	117010
228.535144	0	s1	4	58.134753	117010
228.701144	0	s1	4	58.300753	117095
228.701144	0	s1	4	58.300753	117095
228.867144	0	s1	4	58.466753	117180
228.867144	0	s1	4	58.466753	117180
229.031244	0	s1	4	58.630853	117264
229.031244	0	s1	4	58.630853	117264
229.201144	0	s1	4	58.800753	117351
229.201144	0	s1	4	58.800753	117351
229.367144	0	s1	4	58.966753	117436
229.367144	0	s1	4	58.966753	117436
229.533244	0	s1	4	59.132853	117521
229.533244	0	s1	4	59.132853	117521
229.701144	0	s1	4	59.300753	117607
229.701144	0	s1	4	59.300753	117607
