name	x	y	z	size	group
F 1	n/a	n/a	n/a	n/a	F
F 2	n/a	n/a	n/a	n/a	F
F 3	n/a	n/a	n/a	n/a	F
F 4	n/a	n/a	n/a	n/a	F
F 5	n/a	n/a	n/a	n/a	F
F 6	n/a	n/a	n/a	n/a	F
F 7	n/a	n/a	n/a	n/a	F
F 9	n/a	n/a	n/a	n/a	F
F 10	n/a	n/a	n/a	n/a	F
F 11	n/a	n/a	n/a	n/a	F
F 12	n/a	n/a	n/a	n/a	F
F 13	n/a	n/a	n/a	n/a	F
F 14	n/a	n/a	n/a	n/a	F
F 15	n/a	n/a	n/a	n/a	F
C 1	n/a	n/a	n/a	n/a	C
C 2	n/a	n/a	n/a	n/a	C
C 3	n/a	n/a	n/a	n/a	C
C 4	n/a	n/a	n/a	n/a	C
C 5	n/a	n/a	n/a	n/a	C
C 6	n/a	n/a	n/a	n/a	C
C 7	n/a	n/a	n/a	n/a	C
C 8	n/a	n/a	n/a	n/a	C
C 9	n/a	n/a	n/a	n/a	C
C 10	n/a	n/a	n/a	n/a	C
C 11	n/a	n/a	n/a	n/a	C
C 12	n/a	n/a	n/a	n/a	C
C 13	n/a	n/a	n/a	n/a	C
C 14	n/a	n/a	n/a	n/a	C
P 1	n/a	n/a	n/a	n/a	P
P 2	n/a	n/a	n/a	n/a	P
P 3	n/a	n/a	n/a	n/a	P
P 4	n/a	n/a	n/a	n/a	P
P 5	n/a	n/a	n/a	n/a	P
P 6	n/a	n/a	n/a	n/a	P
P 7	n/a	n/a	n/a	n/a	P
P 8	n/a	n/a	n/a	n/a	P
I 1	n/a	n/a	n/a	n/a	I
I 2	n/a	n/a	n/a	n/a	I
I 3	n/a	n/a	n/a	n/a	I
I 4	n/a	n/a	n/a	n/a	I
I 5	n/a	n/a	n/a	n/a	I
I 6	n/a	n/a	n/a	n/a	I
I 7	n/a	n/a	n/a	n/a	I
I 8	n/a	n/a	n/a	n/a	I
O 1	n/a	n/a	n/a	n/a	O
O 2	n/a	n/a	n/a	n/a	O
O 3	n/a	n/a	n/a	n/a	O
O 4	n/a	n/a	n/a	n/a	O
O 5	n/a	n/a	n/a	n/a	O
O 6	n/a	n/a	n/a	n/a	O
O 7	n/a	n/a	n/a	n/a	O
O 8	n/a	n/a	n/a	n/a	O
H 1	n/a	n/a	n/a	n/a	H
H 2	n/a	n/a	n/a	n/a	H
H 3	n/a	n/a	n/a	n/a	H
H 4	n/a	n/a	n/a	n/a	H
H 5	n/a	n/a	n/a	n/a	H
H 6	n/a	n/a	n/a	n/a	H
H 7	n/a	n/a	n/a	n/a	H
H 8	n/a	n/a	n/a	n/a	H
H 9	n/a	n/a	n/a	n/a	H
H 10	n/a	n/a	n/a	n/a	H
A 1	n/a	n/a	n/a	n/a	A
A 2	n/a	n/a	n/a	n/a	A
A 3	n/a	n/a	n/a	n/a	A
A 4	n/a	n/a	n/a	n/a	A
A 5	n/a	n/a	n/a	n/a	A
A 6	n/a	n/a	n/a	n/a	A
A 7	n/a	n/a	n/a	n/a	A
A 8	n/a	n/a	n/a	n/a	A
A 9	n/a	n/a	n/a	n/a	A
A 10	n/a	n/a	n/a	n/a	A
A 11	n/a	n/a	n/a	n/a	A
A 12	n/a	n/a	n/a	n/a	A
A 13	n/a	n/a	n/a	n/a	A
A 14	n/a	n/a	n/a	n/a	A
A 15	n/a	n/a	n/a	n/a	A
B 1	n/a	n/a	n/a	n/a	B
B 2	n/a	n/a	n/a	n/a	B
B 3	n/a	n/a	n/a	n/a	B
B 4	n/a	n/a	n/a	n/a	B
B 5	n/a	n/a	n/a	n/a	B
B 6	n/a	n/a	n/a	n/a	B
B 7	n/a	n/a	n/a	n/a	B
B 8	n/a	n/a	n/a	n/a	B
B 9	n/a	n/a	n/a	n/a	B
B 10	n/a	n/a	n/a	n/a	B
B 11	n/a	n/a	n/a	n/a	B
B 12	n/a	n/a	n/a	n/a	B
B 13	n/a	n/a	n/a	n/a	B
B 14	n/a	n/a	n/a	n/a	B
B 15	n/a	n/a	n/a	n/a	B
T 1	n/a	n/a	n/a	n/a	T
T 2	n/a	n/a	n/a	n/a	T
T 3	n/a	n/a	n/a	n/a	T
T 4	n/a	n/a	n/a	n/a	T
T 5	n/a	n/a	n/a	n/a	T
W 1	n/a	n/a	n/a	n/a	W
W 2	n/a	n/a	n/a	n/a	W
W 3	n/a	n/a	n/a	n/a	W
W 4	n/a	n/a	n/a	n/a	W
W 5	n/a	n/a	n/a	n/a	W
R 1	n/a	n/a	n/a	n/a	R
R 2	n/a	n/a	n/a	n/a	R
R 3	n/a	n/a	n/a	n/a	R
R 4	n/a	n/a	n/a	n/a	R
R 5	n/a	n/a	n/a	n/a	R
R 6	n/a	n/a	n/a	n/a	R
R 7	n/a	n/a	n/a	n/a	R
R 8	n/a	n/a	n/a	n/a	R
R 9	n/a	n/a	n/a	n/a	R
R 10	n/a	n/a	n/a	n/a	R
TB 1	n/a	n/a	n/a	n/a	TB
TB 2	n/a	n/a	n/a	n/a	TB
TB 3	n/a	n/a	n/a	n/a	TB
TB 4	n/a	n/a	n/a	n/a	TB
TB 5	n/a	n/a	n/a	n/a	TB
TB 6	n/a	n/a	n/a	n/a	TB
TB 7	n/a	n/a	n/a	n/a	TB
TB 8	n/a	n/a	n/a	n/a	TB
TB 9	n/a	n/a	n/a	n/a	TB
TB 10	n/a	n/a	n/a	n/a	TB
TB 11	n/a	n/a	n/a	n/a	TB
TB 12	n/a	n/a	n/a	n/a	TB
zz	n/a	n/a	n/a	n/a	zz
gg	n/a	n/a	n/a	n/a	gg
nnn	n/a	n/a	n/a	n/a	nnn
bbb	n/a	n/a	n/a	n/a	bbb
kkk	n/a	n/a	n/a	n/a	kkk
ooo	n/a	n/a	n/a	n/a	ooo
Sur29	n/a	n/a	n/a	n/a	Sur
Sur30	n/a	n/a	n/a	n/a	Sur
EMG 1	n/a	n/a	n/a	n/a	EMG
EMG 2	n/a	n/a	n/a	n/a	EMG
EMG 3	n/a	n/a	n/a	n/a	EMG
EMG 4	n/a	n/a	n/a	n/a	EMG
Sur35	n/a	n/a	n/a	n/a	Sur
Sur36	n/a	n/a	n/a	n/a	Sur
Sur37	n/a	n/a	n/a	n/a	Sur
Sur38	n/a	n/a	n/a	n/a	Sur
Sur39	n/a	n/a	n/a	n/a	Sur
Sur40	n/a	n/a	n/a	n/a	Sur
Sur41	n/a	n/a	n/a	n/a	Sur
Sur42	n/a	n/a	n/a	n/a	Sur
Sur43	n/a	n/a	n/a	n/a	Sur
Sur44	n/a	n/a	n/a	n/a	Sur
Sur45	n/a	n/a	n/a	n/a	Sur
Sur46	n/a	n/a	n/a	n/a	Sur
Sur47	n/a	n/a	n/a	n/a	Sur
Sur48	n/a	n/a	n/a	n/a	Sur
Sur49	n/a	n/a	n/a	n/a	Sur
Sur50	n/a	n/a	n/a	n/a	Sur
Sur51	n/a	n/a	n/a	n/a	Sur
Sur52	n/a	n/a	n/a	n/a	Sur
Sur53	n/a	n/a	n/a	n/a	Sur
Sur54	n/a	n/a	n/a	n/a	Sur
Sur55	n/a	n/a	n/a	n/a	Sur
Sur56	n/a	n/a	n/a	n/a	Sur
Sur57	n/a	n/a	n/a	n/a	Sur
Sur58	n/a	n/a	n/a	n/a	Sur
Sur59	n/a	n/a	n/a	n/a	Sur
Sur60	n/a	n/a	n/a	n/a	Sur
xx152	n/a	n/a	n/a	n/a	xx
xx153	n/a	n/a	n/a	n/a	xx
xx154	n/a	n/a	n/a	n/a	xx
xx155	n/a	n/a	n/a	n/a	xx
xx156	n/a	n/a	n/a	n/a	xx
xx157	n/a	n/a	n/a	n/a	xx
xx158	n/a	n/a	n/a	n/a	xx
xx159	n/a	n/a	n/a	n/a	xx
xx160	n/a	n/a	n/a	n/a	xx
xx161	n/a	n/a	n/a	n/a	xx
xx162	n/a	n/a	n/a	n/a	xx
xx163	n/a	n/a	n/a	n/a	xx
xx164	n/a	n/a	n/a	n/a	xx
xx165	n/a	n/a	n/a	n/a	xx
xx166	n/a	n/a	n/a	n/a	xx
xx167	n/a	n/a	n/a	n/a	xx
xx168	n/a	n/a	n/a	n/a	xx
xx169	n/a	n/a	n/a	n/a	xx
xx170	n/a	n/a	n/a	n/a	xx
xx171	n/a	n/a	n/a	n/a	xx
xx172	n/a	n/a	n/a	n/a	xx
xx173	n/a	n/a	n/a	n/a	xx
xx174	n/a	n/a	n/a	n/a	xx
xx175	n/a	n/a	n/a	n/a	xx
xx176	n/a	n/a	n/a	n/a	xx
xx177	n/a	n/a	n/a	n/a	xx
xx178	n/a	n/a	n/a	n/a	xx
xx179	n/a	n/a	n/a	n/a	xx
xx180	n/a	n/a	n/a	n/a	xx
xx181	n/a	n/a	n/a	n/a	xx
xx182	n/a	n/a	n/a	n/a	xx
xx183	n/a	n/a	n/a	n/a	xx
xx184	n/a	n/a	n/a	n/a	xx
xx185	n/a	n/a	n/a	n/a	xx
xx186	n/a	n/a	n/a	n/a	xx
xx187	n/a	n/a	n/a	n/a	xx
xx188	n/a	n/a	n/a	n/a	xx
xx189	n/a	n/a	n/a	n/a	xx
xx190	n/a	n/a	n/a	n/a	xx
xx191	n/a	n/a	n/a	n/a	xx
xx192	n/a	n/a	n/a	n/a	xx
xx193	n/a	n/a	n/a	n/a	xx
xx194	n/a	n/a	n/a	n/a	xx
xx195	n/a	n/a	n/a	n/a	xx
xx196	n/a	n/a	n/a	n/a	xx
xx197	n/a	n/a	n/a	n/a	xx
xx198	n/a	n/a	n/a	n/a	xx
xx199	n/a	n/a	n/a	n/a	xx
xx200	n/a	n/a	n/a	n/a	xx
KK81	n/a	n/a	n/a	n/a	KK
KK82	n/a	n/a	n/a	n/a	KK
KK83	n/a	n/a	n/a	n/a	KK
KK84	n/a	n/a	n/a	n/a	KK
KK85	n/a	n/a	n/a	n/a	KK
KK86	n/a	n/a	n/a	n/a	KK
KK87	n/a	n/a	n/a	n/a	KK
KK88	n/a	n/a	n/a	n/a	KK
KK89	n/a	n/a	n/a	n/a	KK
KK90	n/a	n/a	n/a	n/a	KK
KK91	n/a	n/a	n/a	n/a	KK
KK92	n/a	n/a	n/a	n/a	KK
